Date,High,Low,Open,Close,Volume,Adj Close,MktRF,SMB,HML,RF,Yest_Close,stock_return
2018-01-03,1205.489990234375,1188.300048828125,1188.300048828125,1204.199951171875,3108800,1204.199951171875,0.59,-0.39,-0.22,0.005,1189.010009765625,0.012775284717110336
2018-01-04,1215.8699951171875,1204.6600341796875,1205.0,1209.5899658203125,3022100,1209.5899658203125,0.42,-0.26,0.24,0.005,1204.199951171875,0.004476013010291333
2018-01-05,1229.1400146484375,1210.0,1217.510009765625,1229.1400146484375,3544700,1229.1400146484375,0.66,-0.35,-0.26,0.005,1209.5899658203125,0.016162542167639977
2018-01-08,1253.0799560546875,1232.030029296875,1236.0,1246.8699951171875,4279500,1246.8699951171875,0.19,-0.16,0.06,0.005,1229.1400146484375,0.014424703660649421
2018-01-09,1259.3299560546875,1241.760009765625,1256.9000244140625,1252.699951171875,3661300,1252.699951171875,0.15,-0.34,-0.04,0.005,1246.8699951171875,0.004675672746571762
2018-01-10,1254.3299560546875,1237.22998046875,1245.1500244140625,1254.3299560546875,2686000,1254.3299560546875,-0.07,0.06,0.61,0.005,1252.699951171875,0.001301193379378409
2018-01-11,1276.77001953125,1256.4599609375,1259.739990234375,1276.6800537109375,3125000,1276.6800537109375,0.87,1.13,0.32,0.005,1254.3299560546875,0.01781835596635911
2018-01-12,1305.760009765625,1273.3900146484375,1273.3900146484375,1305.199951171875,5443700,1305.199951171875,0.66,-0.31,0.16,0.005,1276.6800537109375,0.022339111023187412
2018-01-16,1339.93994140625,1292.300048828125,1323.0,1304.8599853515625,7220700,1304.8599853515625,-0.49,-1.03,0.0,0.005,1305.199951171875,-0.0002604702980621945
2018-01-17,1314.0,1280.8800048828125,1312.239990234375,1295.0,5253800,1295.0,0.95,-0.04,-0.12,0.005,1304.8599853515625,-0.007556355058972836
2018-01-18,1304.5999755859375,1284.02001953125,1293.949951171875,1293.3199462890625,4026900,1293.3199462890625,-0.18,-0.5,-0.23,0.005,1295.0,-0.0012973387729247104
2018-01-19,1313.0,1292.989990234375,1312.0,1294.5799560546875,4578500,1294.5799560546875,0.57,0.94,-0.06,0.005,1293.3199462890625,0.0009742444390812654
2018-01-22,1327.449951171875,1296.6600341796875,1297.1700439453125,1327.31005859375,4140100,1327.31005859375,0.77,-0.34,-0.14,0.005,1294.5799560546875,0.025282411013692434
2018-01-23,1364.9000244140625,1337.3399658203125,1338.0899658203125,1362.5400390625,5169300,1362.5400390625,0.22,0.15,-0.36,0.005,1327.31005859375,0.0265423894293962
2018-01-24,1388.1600341796875,1338.0,1374.8199462890625,1357.510009765625,6807500,1357.510009765625,-0.13,-0.81,0.42,0.005,1362.5400390625,-0.0036916561368251074
2018-01-25,1378.3399658203125,1357.6199951171875,1368.0,1377.949951171875,4753000,1377.949951171875,0.07,0.18,-0.48,0.005,1357.510009765625,0.015056936051454212
2018-01-26,1402.530029296875,1380.9100341796875,1392.010009765625,1402.050048828125,4857300,1402.050048828125,1.11,-0.63,-0.52,0.005,1377.949951171875,0.017489820755647995
2018-01-29,1431.3900146484375,1400.43994140625,1409.1800537109375,1417.6800537109375,5701900,1417.6800537109375,-0.62,-0.03,-0.26,0.005,1402.050048828125,0.011147965007295226
2018-01-30,1439.25,1392.0,1403.1700439453125,1437.8199462890625,5871900,1437.8199462890625,-1.06,0.14,-0.22,0.005,1417.6800537109375,0.01420623258781596
2018-01-31,1472.5799560546875,1450.0400390625,1451.300048828125,1450.8900146484375,6424700,1450.8900146484375,-0.07,-0.75,0.09,0.005,1437.8199462890625,0.009090198249863035
2018-02-01,1459.8800048828125,1385.1400146484375,1445.0,1390.0,9113800,1390.0,0.03,0.09,0.54,0.006,1450.8900146484375,-0.04196735385431104
2018-02-02,1498.0,1414.0,1477.3900146484375,1429.949951171875,11125700,1429.949951171875,-2.13,0.05,-0.28,0.006,1390.0,0.02874097206609712
2018-02-05,1458.97998046875,1320.719970703125,1402.6199951171875,1390.0,11495000,1390.0,-4.03,0.77,-0.54,0.006,1429.949951171875,-0.027938006598856938
2018-02-06,1443.989990234375,1351.7900390625,1361.4599609375,1442.8399658203125,11066800,1442.8399658203125,1.67,-0.51,-0.21,0.006,1390.0,0.038014363899505396
2018-02-07,1460.989990234375,1415.1500244140625,1449.0,1416.780029296875,7162700,1416.780029296875,-0.37,0.51,0.22,0.006,1442.8399658203125,-0.01806155716557337
2018-02-08,1433.75,1349.93994140625,1429.6800537109375,1350.5,8578600,1350.5,-3.68,0.83,0.5,0.006,1416.780029296875,-0.04678215949286687
2018-02-09,1383.5,1265.9300537109375,1373.489990234375,1339.5999755859375,14141500,1339.5999755859375,1.36,-0.61,0.13,0.006,1350.5,-0.008071102861208811
2018-02-12,1393.81005859375,1344.010009765625,1364.6700439453125,1386.22998046875,6738900,1386.22998046875,1.36,-0.45,-0.27,0.006,1339.5999755859375,0.03480890245792716
2018-02-13,1419.719970703125,1383.530029296875,1385.9300537109375,1414.510009765625,5917900,1414.510009765625,0.31,0.06,-0.23,0.006,1386.22998046875,0.02040067643560283
2018-02-14,1452.06005859375,1403.3599853515625,1406.25,1451.050048828125,5959200,1451.050048828125,1.52,0.26,0.48,0.006,1414.510009765625,0.02583229444134824
2018-02-15,1468.93994140625,1436.8399658203125,1466.8900146484375,1461.760009765625,5652700,1461.760009765625,1.21,-0.13,-0.66,0.006,1451.050048828125,0.007380834965788683
2018-02-16,1465.800048828125,1446.56005859375,1457.3699951171875,1448.68994140625,4472600,1448.68994140625,0.03,0.35,0.15,0.006,1461.760009765625,-0.008941322975083045
2018-02-20,1488.77001953125,1446.489990234375,1446.489990234375,1468.3499755859375,6499200,1468.3499755859375,-0.62,-0.36,-0.23,0.006,1448.68994140625,0.013570905421351524
2018-02-21,1503.489990234375,1478.9200439453125,1485.0,1482.9200439453125,6304400,1482.9200439453125,-0.43,0.77,0.21,0.006,1468.3499755859375,0.009922749073197545
2018-02-22,1502.5400390625,1475.760009765625,1495.3599853515625,1485.3399658203125,4858100,1485.3399658203125,0.01,0.06,-0.42,0.006,1482.9200439453125,0.0016318626785580372
2018-02-23,1500.0,1486.5,1495.3399658203125,1500.0,4418100,1500.0,1.54,-0.36,-0.12,0.006,1485.3399658203125,0.009869817359685172
2018-02-26,1522.8399658203125,1507.0,1509.199951171875,1521.949951171875,4955000,1521.949951171875,1.12,-0.49,-0.07,0.006,1500.0,0.01463330078125
2018-02-27,1526.780029296875,1507.2099609375,1524.5,1511.97998046875,4808800,1511.97998046875,-1.25,-0.2,0.02,0.006,1521.949951171875,-0.00655078749169662
2018-02-28,1528.699951171875,1512.0,1519.510009765625,1512.449951171875,4515000,1512.449951171875,-1.1,-0.4,-0.3,0.006,1511.97998046875,0.00031083130014677697
2018-03-01,1518.489990234375,1465.0,1513.5999755859375,1493.449951171875,6835200,1493.449951171875,-1.18,1.01,-0.01,0.006,1512.449951171875,-0.012562399162549767
2018-03-02,1501.050048828125,1455.010009765625,1469.0999755859375,1500.25,6587600,1500.25,0.7,1.16,-0.46,0.006,1493.449951171875,0.004553248552312826
2018-03-05,1525.3800048828125,1481.0,1494.239990234375,1523.6099853515625,5233900,1523.6099853515625,1.06,-0.38,0.23,0.006,1500.25,0.015570728446300617
2018-03-06,1542.1300048828125,1528.0,1533.199951171875,1537.6400146484375,4561700,1537.6400146484375,0.36,0.67,0.1,0.006,1523.6099853515625,0.009208412541112132
2018-03-07,1545.9000244140625,1522.510009765625,1526.52001953125,1545.0,4174100,1545.0,0.05,0.8,-0.45,0.006,1537.6400146484375,0.004786546448744228
2018-03-08,1554.8800048828125,1545.25,1550.0,1551.8599853515625,3862600,1551.8599853515625,0.37,-0.47,-0.35,0.006,1545.0,0.004440119968648867
2018-03-09,1578.93994140625,1559.0799560546875,1563.5,1578.8900146484375,4534300,1578.8900146484375,1.7,-0.26,0.26,0.006,1551.8599853515625,0.017417827350417536
2018-03-12,1605.3299560546875,1586.699951171875,1592.5999755859375,1598.3900146484375,5174200,1598.3900146484375,-0.09,0.46,-0.07,0.006,1578.8900146484375,0.01235044861838711
2018-03-13,1617.5400390625,1578.010009765625,1615.9599609375,1588.1800537109375,6531900,1588.1800537109375,-0.67,0.09,0.0,0.006,1598.3900146484375,-0.006387653103392077
2018-03-14,1606.43994140625,1590.8900146484375,1597.0,1591.0,4259400,1591.0,-0.53,0.24,-0.55,0.006,1588.1800537109375,0.001775583494121728
2018-03-15,1596.9100341796875,1578.1099853515625,1595.0,1582.3199462890625,4069700,1582.3199462890625,-0.18,-0.41,0.31,0.006,1591.0,-0.0054557220056175365
2018-03-16,1589.43994140625,1567.5,1583.449951171875,1571.6800537109375,5425000,1571.6800537109375,0.25,0.47,0.18,0.006,1582.3199462890625,-0.006724235893681438
2018-03-19,1561.6600341796875,1525.3499755859375,1554.530029296875,1544.9300537109375,6580800,1544.9300537109375,-1.38,0.34,0.42,0.006,1571.6800537109375,-0.017020003490430403
2018-03-20,1587.0,1545.4100341796875,1550.3399658203125,1586.510009765625,4581600,1586.510009765625,0.15,-0.06,-0.38,0.006,1544.9300537109375,0.02691381137599856
2018-03-21,1590.0,1563.1700439453125,1586.449951171875,1581.8599853515625,4750800,1581.8599853515625,-0.06,0.75,0.46,0.006,1586.510009765625,-0.002930977041077382
2018-03-22,1573.8499755859375,1542.4000244140625,1565.469970703125,1544.9200439453125,6320600,1544.9200439453125,-2.54,0.51,-0.48,0.006,1581.8599853515625,-0.02335221937992207
2018-03-23,1549.02001953125,1495.3599853515625,1539.010009765625,1495.56005859375,8006000,1495.56005859375,-2.09,0.22,-0.2,0.006,1544.9200439453125,-0.03194986403665934
2018-03-26,1556.989990234375,1499.25,1530.0,1555.8599853515625,5624700,1555.8599853515625,2.67,-0.7,0.01,0.006,1495.56005859375,0.04031929470924191
2018-03-27,1575.969970703125,1482.3199462890625,1572.4000244140625,1497.050048828125,6999600,1497.050048828125,-1.87,-0.23,0.36,0.006,1555.8599853515625,-0.037798990318623556
2018-03-28,1455.9000244140625,1386.1700439453125,1447.0,1431.4200439453125,13705300,1431.4200439453125,-0.35,0.12,0.65,0.006,1497.050048828125,-0.04383955294893913
2018-03-29,1455.469970703125,1365.199951171875,1406.0,1447.3399658203125,12581100,1447.3399658203125,1.41,-0.29,-0.2,0.006,1431.4200439453125,0.011121768164654974
2018-04-02,1421.3599853515625,1355.0,1417.6199951171875,1371.989990234375,10463600,1371.989990234375,-2.29,-0.14,0.38,0.006999999999999999,1447.3399658203125,-0.05206100665038377
2018-04-03,1414.0,1355.3299560546875,1391.3800048828125,1392.050048828125,10231200,1392.050048828125,1.24,-0.05,0.18,0.006999999999999999,1371.989990234375,0.014621140632609986
2018-04-04,1415.3900146484375,1352.8800048828125,1358.239990234375,1410.5699462890625,6982300,1410.5699462890625,1.17,0.32,-0.3,0.006999999999999999,1392.050048828125,0.013304045696150206
2018-04-05,1459.56005859375,1427.0699462890625,1441.989990234375,1451.75,6413500,1451.75,0.75,0.03,0.46,0.006999999999999999,1410.5699462890625,0.02919391116993119
2018-04-06,1452.5,1400.260009765625,1429.969970703125,1405.22998046875,5882300,1405.22998046875,-2.19,0.41,-0.04,0.006999999999999999,1451.75,-0.03204409817892199
2018-04-09,1438.47998046875,1402.5699462890625,1425.030029296875,1406.0799560546875,4208200,1406.0799560546875,0.3,-0.16,-0.51,0.006999999999999999,1405.22998046875,0.0006048658210764683
2018-04-10,1438.3800048828125,1415.699951171875,1431.989990234375,1436.219970703125,4254100,1436.219970703125,1.77,0.39,-0.13,0.006999999999999999,1406.0799560546875,0.02143549128813927
2018-04-11,1448.780029296875,1424.8900146484375,1439.43994140625,1427.050048828125,3582500,1427.050048828125,-0.49,0.92,-0.31,0.006999999999999999,1436.219970703125,-0.006384761430737323
2018-04-12,1452.1199951171875,1435.06005859375,1439.5,1448.5,3135000,1448.5,0.84,-0.23,0.18,0.006999999999999999,1427.050048828125,0.015030973293115698
2018-04-13,1459.780029296875,1424.52001953125,1449.1400146484375,1430.7900390625,3685300,1430.7900390625,-0.37,0.03,-0.27,0.006999999999999999,1448.5,-0.012226414178460477
2018-04-16,1447.0,1427.47998046875,1445.0,1441.5,2808600,1441.5,0.82,0.07,-0.03,0.006999999999999999,1430.7900390625,0.007485347706584198
2018-04-17,1507.18994140625,1457.02001953125,1462.300048828125,1503.8299560546875,5114400,1503.8299560546875,1.09,0.17,-1.19,0.006999999999999999,1441.5,0.043239650402141866
2018-04-18,1533.800048828125,1504.1099853515625,1514.6500244140625,1527.8399658203125,5227500,1527.8399658203125,0.13,0.24,0.04,0.006999999999999999,1503.8299560546875,0.015965907361371823
2018-04-19,1568.52001953125,1539.06005859375,1543.219970703125,1556.9100341796875,6523700,1556.9100341796875,-0.49,-0.48,1.08,0.006999999999999999,1527.8399658203125,0.019026906619612476
2018-04-20,1561.199951171875,1516.0899658203125,1561.199951171875,1527.489990234375,5541600,1527.489990234375,-0.81,0.06,0.57,0.006999999999999999,1556.9100341796875,-0.018896431585280055
2018-04-23,1548.0,1503.4100341796875,1546.68994140625,1517.8599853515625,4465400,1517.8599853515625,-0.05,-0.08,0.19,0.006999999999999999,1527.489990234375,-0.006304463495263161
2018-04-24,1539.5,1448.449951171875,1535.800048828125,1460.0899658203125,7494700,1460.0899658203125,-1.3,0.52,1.0,0.006999999999999999,1517.8599853515625,-0.03806017688638749
2018-04-25,1469.989990234375,1415.02001953125,1458.0,1460.1700439453125,6587300,1460.1700439453125,0.1,-0.35,0.04,0.006999999999999999,1460.0899658203125,5.484465127120454e-05
2018-04-26,1529.4200439453125,1478.5,1485.010009765625,1517.9599609375,8801100,1517.9599609375,0.96,-0.38,-0.87,0.006999999999999999,1460.1700439453125,0.039577525392893144
2018-04-27,1638.0999755859375,1567.3900146484375,1634.010009765625,1572.6199951171875,13053200,1572.6199951171875,0.01,-0.26,0.04,0.006999999999999999,1517.9599609375,0.036008877431740145
2018-04-30,1596.0,1560.93994140625,1582.5,1566.1300048828125,5464100,1566.1300048828125,-0.8,0.05,-0.08,0.006999999999999999,1572.6199951171875,-0.004126864884413086
2018-05-01,1585.0,1552.1800537109375,1563.219970703125,1582.260009765625,4572100,1582.260009765625,0.24,0.23,-0.56,0.006,1566.1300048828125,0.010299275815240795
2018-05-02,1588.5,1566.3599853515625,1580.97998046875,1569.6800537109375,4360300,1569.6800537109375,-0.63,1.29,-0.33,0.006,1582.260009765625,-0.007950625040792712
2018-05-03,1574.800048828125,1546.02001953125,1560.010009765625,1572.0799560546875,4251900,1572.0799560546875,-0.25,-0.5,-0.17,0.006,1569.6800537109375,0.0015289117919771637
2018-05-04,1584.9000244140625,1562.18994140625,1562.449951171875,1580.949951171875,3443600,1580.949951171875,1.3,0.02,-0.2,0.006,1572.0799560546875,0.005642203555249032
2018-05-07,1606.949951171875,1587.8299560546875,1589.3399658203125,1600.1400146484375,3801900,1600.1400146484375,0.42,0.42,-0.35,0.006,1580.949951171875,0.01213831181837092
2018-05-08,1596.8800048828125,1582.510009765625,1595.0,1592.3900146484375,3067900,1592.3900146484375,0.07,0.48,0.27,0.006,1600.1400146484375,-0.00484332616461862
2018-05-09,1608.0,1592.0,1600.0,1608.0,3637300,1608.0,0.89,-0.2,0.27,0.006,1592.3900146484375,0.009802865634653468
2018-05-10,1615.5999755859375,1603.43994140625,1608.47998046875,1609.0799560546875,2817500,1609.0799560546875,0.84,-0.44,-0.06,0.006,1608.0,0.0006716144618703358
2018-05-11,1611.0999755859375,1597.8900146484375,1610.989990234375,1602.9100341796875,2263900,1602.9100341796875,0.19,0.11,-0.36,0.006,1609.0799560546875,-0.0038344408255063145
2018-05-14,1611.1800537109375,1600.050048828125,1604.0,1601.5400390625,2509500,1601.5400390625,0.05,-0.35,0.12,0.006,1602.9100341796875,-0.0008546924580758613
2018-05-15,1587.800048828125,1565.219970703125,1587.800048828125,1576.1199951171875,5077500,1576.1199951171875,-0.55,0.68,0.42,0.006,1601.5400390625,-0.01587225003765297
2018-05-16,1594.4300537109375,1576.6700439453125,1577.5,1587.280029296875,2570600,1587.280029296875,0.49,0.7,-0.24,0.006,1576.1199951171875,0.007080700844010123
2018-05-17,1594.0400390625,1573.0,1580.56005859375,1581.760009765625,2147600,1581.760009765625,0.02,0.9,0.26,0.006,1587.280029296875,-0.003477659536669928
2018-05-18,1583.5899658203125,1572.0999755859375,1581.3299560546875,1574.3699951171875,2642600,1574.3699951171875,-0.23,0.58,-0.62,0.006,1581.760009765625,-0.004672020156542271
2018-05-21,1592.050048828125,1575.0,1585.0,1585.4599609375,2925200,1585.4599609375,0.72,-0.21,0.42,0.006,1574.3699951171875,0.007044065788034168
2018-05-22,1589.8900146484375,1575.25,1589.8900146484375,1581.4000244140625,2115600,1581.4000244140625,-0.42,-0.76,0.61,0.006,1585.4599609375,-0.0025607310329280185
2018-05-23,1601.8599853515625,1566.3399658203125,1571.050048828125,1601.8599853515625,3361900,1601.8599853515625,0.29,0.05,-0.7,0.006,1581.4000244140625,0.012937878222861915
2018-05-24,1608.239990234375,1588.3800048828125,1598.030029296875,1603.0699462890625,3430000,1603.0699462890625,-0.16,0.36,-0.34,0.006,1601.8599853515625,0.0007553475013825557
2018-05-25,1614.1199951171875,1600.449951171875,1603.0,1610.1500244140625,2698400,1610.1500244140625,-0.21,0.23,-0.4,0.006,1603.0699462890625,0.004416574673731257
2018-05-29,1621.7900390625,1600.1500244140625,1600.7099609375,1612.8699951171875,3846500,1612.8699951171875,-1.03,1.34,-0.99,0.006,1610.1500244140625,0.0016892653863821191
2018-05-30,1626.0,1612.9300537109375,1618.0999755859375,1624.8900146484375,2907400,1624.8900146484375,1.31,0.05,0.37,0.006,1612.8699951171875,0.0074525656547889665
2018-05-31,1635.0,1621.3499755859375,1623.0,1629.6199951171875,3166300,1629.6199951171875,-0.7,0.07,-0.4,0.006,1624.8900146484375,0.002910954234507609
2018-06-01,1646.72998046875,1635.0899658203125,1637.030029296875,1641.5400390625,3313400,1641.5400390625,1.06,-0.23,-0.1,0.006,1629.6199951171875,0.0073146156656327226
2018-06-04,1665.6800537109375,1645.489990234375,1648.9000244140625,1665.27001953125,3187700,1665.27001953125,0.48,0.15,-0.44,0.006,1641.5400390625,0.014455925474898821
2018-06-05,1699.0,1670.06005859375,1672.989990234375,1696.3499755859375,4782200,1696.3499755859375,0.16,0.82,-0.41,0.006,1665.27001953125,0.018663613522229908
2018-06-06,1714.5,1686.469970703125,1704.510009765625,1695.75,5473200,1695.75,0.86,-0.35,0.2,0.006,1696.3499755859375,-0.00035368620542483396
2018-06-07,1699.9000244140625,1676.1099853515625,1698.56005859375,1689.300048828125,3765700,1689.300048828125,-0.14,-0.3,0.91,0.006,1695.75,-0.0038035979194309304
2018-06-08,1689.43994140625,1673.010009765625,1681.1199951171875,1683.989990234375,2955100,1683.989990234375,0.31,0.09,-0.41,0.006,1689.300048828125,-0.0031433483929830057
2018-06-11,1694.239990234375,1680.5899658203125,1681.510009765625,1689.1199951171875,2335500,1689.1199951171875,0.12,0.17,-0.16,0.006,1683.989990234375,0.0030463392968853183
2018-06-12,1699.510009765625,1691.52001953125,1693.0,1698.75,2259200,1698.75,0.23,0.24,-0.63,0.006,1689.1199951171875,0.0057011964281107165
2018-06-13,1713.75,1700.1199951171875,1702.81005859375,1704.8599853515625,3327500,1704.8599853515625,-0.33,0.1,-0.18,0.006,1698.75,0.0035967537021707138
2018-06-14,1724.800048828125,1708.8699951171875,1713.47998046875,1723.8599853515625,3174400,1723.8599853515625,0.27,0.32,-0.99,0.006,1704.8599853515625,0.01114461021036984
2018-06-15,1720.8699951171875,1708.52001953125,1714.0,1715.969970703125,4777600,1715.969970703125,-0.08,0.04,-0.23,0.006,1723.8599853515625,-0.004576946338729718
2018-06-18,1726.739990234375,1702.56005859375,1706.260009765625,1723.7900390625,3107700,1723.7900390625,-0.09,0.73,0.08,0.006,1715.969970703125,0.004557229143217873
2018-06-19,1736.1099853515625,1700.3900146484375,1709.0400390625,1734.780029296875,4290100,1734.780029296875,-0.38,0.55,-0.15,0.006,1723.7900390625,0.0063754807635110905
2018-06-20,1762.9300537109375,1741.3599853515625,1742.5,1750.0799560546875,4332600,1750.0799560546875,0.23,0.73,-0.51,0.006,1734.780029296875,0.008819519765865489
2018-06-21,1763.0999755859375,1717.56005859375,1760.0,1730.219970703125,4941100,1730.219970703125,-0.73,-0.62,0.34,0.006,1750.0799560546875,-0.01134804457525134
2018-06-22,1743.0,1711.9000244140625,1742.6199951171875,1715.6700439453125,4075100,1715.6700439453125,0.11,0.02,0.45,0.006,1730.219970703125,-0.00840929304029459
2018-06-25,1705.0,1646.31005859375,1702.510009765625,1663.1500244140625,7511200,1663.1500244140625,-1.48,-0.56,0.57,0.006,1715.6700439453125,-0.030611958118984383
2018-06-26,1701.5699462890625,1663.3399658203125,1672.3699951171875,1691.0899658203125,4386600,1691.0899658203125,0.27,0.63,-0.24,0.006,1663.1500244140625,0.01679941135562524
2018-06-27,1711.949951171875,1660.0,1708.1099853515625,1660.510009765625,4872200,1660.510009765625,-1.02,-0.98,0.35,0.006,1691.0899658203125,-0.018082985927868007
2018-06-28,1705.5,1661.1700439453125,1672.5400390625,1701.449951171875,4529700,1701.449951171875,0.58,-0.17,-0.51,0.006,1660.510009765625,0.024655040418593156
2018-06-29,1723.4100341796875,1694.3199462890625,1717.0,1699.800048828125,4543500,1699.800048828125,0.07,-0.2,-0.24,0.006,1701.449951171875,-0.0009697037180633074
2018-07-02,1713.8900146484375,1678.06005859375,1682.699951171875,1713.780029296875,3185700,1713.780029296875,0.36,0.42,-0.26,0.008,1699.800048828125,0.008224485273069659
2018-07-03,1725.0,1692.47998046875,1723.9599609375,1693.9599609375,2177300,1693.9599609375,-0.44,0.8,0.02,0.008,1713.780029296875,-0.01156511805514896
2018-07-05,1710.68994140625,1682.1500244140625,1705.3800048828125,1699.72998046875,2983100,1699.72998046875,0.87,0.44,-0.46,0.008,1693.9599609375,0.003406231353931564
2018-07-06,1715.27001953125,1691.6700439453125,1696.0,1710.6300048828125,2650300,1710.6300048828125,0.88,0.06,-0.32,0.008,1699.72998046875,0.006412797643927244
2018-07-09,1739.56005859375,1716.22998046875,1724.050048828125,1739.02001953125,3012000,1739.02001953125,0.93,-0.41,0.83,0.008,1710.6300048828125,0.016596233298493072
2018-07-10,1750.0,1731.0,1738.530029296875,1743.0699462890625,3002900,1743.0699462890625,0.21,-0.79,-0.15,0.008,1739.02001953125,0.002328855741927658
2018-07-11,1756.9599609375,1734.0,1737.989990234375,1755.0,3209800,1755.0,-0.69,-0.02,-0.44,0.008,1743.0699462890625,0.0068442770964734865
2018-07-12,1798.0,1762.1800537109375,1764.510009765625,1796.6199951171875,4532700,1796.6199951171875,0.86,-0.31,-1.11,0.008,1755.0,0.02371509693287037
2018-07-13,1815.300048828125,1795.22998046875,1803.9300537109373,1813.030029296875,4383200,1813.030029296875,0.08,-0.12,-0.27,0.008,1796.6199951171875,0.009133836996296553
2018-07-16,1841.949951171875,1814.449951171875,1821.949951171875,1822.489990234375,5466200,1822.489990234375,-0.16,-0.79,0.97,0.008,1813.030029296875,0.00521776296290511
2018-07-17,1851.68994140625,1797.3800048828125,1811.56005859375,1843.9300537109373,5682900,1843.9300537109373,0.48,0.24,-0.76,0.008,1822.489990234375,0.011764159798652748
2018-07-18,1858.8800048828125,1831.27001953125,1848.0,1842.9200439453125,4861900,1842.9200439453125,0.27,-0.28,0.66,0.008,1843.9300537109373,-0.0005477484157233147
2018-07-19,1841.0,1811.27001953125,1829.4599609375,1812.969970703125,4676900,1812.969970703125,-0.34,0.98,-0.32,0.008,1842.9200439453125,-0.01625142302867929
2018-07-20,1834.8399658203125,1810.06005859375,1825.010009765625,1813.699951171875,3884400,1813.699951171875,-0.1,-0.18,0.11,0.008,1812.969970703125,0.00040264344172611494
2018-07-23,1819.0,1769.989990234375,1812.2099609375,1802.0,3888500,1802.0,0.15,-0.29,0.51,0.008,1813.699951171875,-0.006450874723967093
2018-07-24,1840.0,1809.3800048828125,1829.010009765625,1829.239990234375,4278700,1829.239990234375,0.22,-1.35,0.4,0.008,1802.0,0.01511653176158435
2018-07-25,1863.8399658203125,1822.6400146484373,1829.300048828125,1863.6099853515625,3738200,1863.6099853515625,0.83,-0.43,-1.05,0.008,1829.239990234375,0.01878922137099341
2018-07-26,1844.6800537109373,1804.5,1839.0,1808.0,9924400,1808.0,-0.2,0.65,0.58,0.008,1863.6099853515625,-0.029839926695322948
2018-07-27,1880.050048828125,1806.530029296875,1876.050048828125,1817.27001953125,9681000,1817.27001953125,-0.82,-1.36,1.11,0.008,1808.0,0.005127223192063053
2018-07-30,1829.5,1766.02001953125,1827.3299560546875,1779.219970703125,6562300,1779.219970703125,-0.7,-0.24,1.6,0.008,1817.27001953125,-0.020938027051114673
2018-07-31,1801.8299560546875,1739.3199462890625,1786.489990234375,1777.43994140625,5738700,1777.43994140625,0.51,0.82,-1.1,0.008,1779.219970703125,-0.0010004548769602419
2018-08-01,1798.43994140625,1776.02001953125,1784.0,1797.1700439453125,4153100,1797.1700439453125,-0.13,0.07,-0.18,0.006999999999999999,1777.43994140625,0.01110029209957593
2018-08-02,1836.56005859375,1786.0,1788.77001953125,1834.3299560546875,4354700,1834.3299560546875,0.67,0.33,-0.69,0.006999999999999999,1797.1700439453125,0.020676903799152
2018-08-03,1841.0,1821.5,1837.739990234375,1823.2900390625,3460500,1823.2900390625,0.31,-1.07,0.53,0.006999999999999999,1834.3299560546875,-0.006018501173001812
2018-08-06,1847.77001953125,1818.9200439453125,1825.81005859375,1847.75,3391800,1847.75,0.46,0.25,-0.34,0.006999999999999999,1823.2900390625,0.013415287975837806
2018-08-07,1869.719970703125,1846.27001953125,1854.530029296875,1862.47998046875,3377500,1862.47998046875,0.29,0.0,-0.17,0.006999999999999999,1847.75,0.007971847094439183
2018-08-08,1891.510009765625,1854.5,1861.0,1886.52001953125,3963000,1886.52001953125,-0.04,-0.14,0.28,0.006999999999999999,1862.47998046875,0.01290754226332655
2018-08-09,1914.5699462890625,1877.47998046875,1882.0,1898.52001953125,4860400,1898.52001953125,-0.05,0.38,-0.41,0.006999999999999999,1886.52001953125,0.0063609184507788475
2018-08-10,1899.5,1878.2099609375,1888.510009765625,1886.300048828125,3639900,1886.300048828125,-0.6,0.41,-0.18,0.006999999999999999,1898.52001953125,-0.0064365772166796245
2018-08-13,1925.0,1893.6700439453125,1898.5,1896.199951171875,5531500,1896.199951171875,-0.46,-0.15,-0.3,0.006999999999999999,1886.300048828125,0.005248317917343199
2018-08-14,1921.010009765625,1900.0,1919.3900146484373,1919.6500244140625,3986100,1919.6500244140625,0.69,0.29,0.25,0.006999999999999999,1896.199951171875,0.01236687788526472
2018-08-15,1916.2099609375,1869.7900390625,1909.550048828125,1882.6199951171875,7700700,1882.6199951171875,-0.91,-0.55,-0.12,0.006999999999999999,1919.6500244140625,-0.019289989751219226
2018-08-16,1905.0,1883.550048828125,1903.93994140625,1886.52001953125,3957100,1886.52001953125,0.86,-0.12,0.34,0.006999999999999999,1882.6199951171875,0.0020715940679360174
2018-08-17,1888.0,1855.550048828125,1885.800048828125,1882.219970703125,4104300,1882.219970703125,0.3,0.09,0.01,0.006999999999999999,1886.52001953125,-0.002279354994172523
2018-08-20,1891.75,1866.06005859375,1890.5699462890625,1876.7099609375,2862000,1876.7099609375,0.25,0.13,0.13,0.006999999999999999,1882.219970703125,-0.0029273994811385793
2018-08-21,1897.75,1874.4100341796875,1880.0,1883.4200439453125,3105600,1883.4200439453125,0.33,0.89,0.1,0.006999999999999999,1876.7099609375,0.0035754502014048646
2018-08-22,1905.800048828125,1876.6400146484373,1876.6400146484373,1904.9000244140625,3080500,1904.9000244140625,0.05,0.37,-0.35,0.006999999999999999,1883.4200439453125,0.011404774276350272
2018-08-23,1919.5,1900.760009765625,1907.1700439453125,1902.9000244140625,3563000,1902.9000244140625,-0.19,-0.06,-0.33,0.006999999999999999,1904.9000244140625,-0.001049923867062362
2018-08-24,1916.010009765625,1902.5400390625,1910.510009765625,1905.3900146484373,2800900,1905.3900146484373,0.62,-0.01,-0.59,0.006999999999999999,1902.9000244140625,0.0013085239384247136
2018-08-27,1927.699951171875,1909.280029296875,1915.0,1927.6800537109373,3569000,1927.6800537109373,0.74,-0.67,-0.18,0.006999999999999999,1905.3900146484373,0.01169841286620405
2018-08-28,1941.780029296875,1928.8199462890625,1937.72998046875,1932.8199462890625,3100700,1932.8199462890625,-0.01,-0.13,-0.23,0.006999999999999999,1927.6800537109373,0.002666361862400623
2018-08-29,1998.68994140625,1948.93994140625,1953.449951171875,1998.0999755859373,6531800,1998.0999755859373,0.56,-0.04,-0.58,0.006999999999999999,1932.8199462890625,0.03377450104558877
2018-08-30,2025.5699462890625,1986.9000244140625,1997.4200439453125,2002.3800048828125,7277300,2002.3800048828125,-0.41,0.28,-0.37,0.006999999999999999,1998.0999755859373,0.0021420496217263206
2018-08-31,2022.3800048828125,2004.739990234375,2007.0,2012.7099609375,4204400,2012.7099609375,0.08,0.49,-0.41,0.006999999999999999,2002.3800048828125,0.005158838996343279
2018-09-04,2050.5,2013.0,2026.5,2039.510009765625,5721100,2039.510009765625,-0.11,-0.37,-0.01,0.008,2012.7099609375,0.013315405273615185
2018-09-05,2040.3800048828125,1989.8900146484373,2038.1099853515625,1994.8199462890625,8220600,1994.8199462890625,-0.41,-0.18,0.69,0.008,2039.510009765625,-0.021912156970339245
2018-09-06,2007.5,1935.2099609375,2006.510009765625,1958.31005859375,7488700,1958.31005859375,-0.44,-0.35,-0.24,0.008,1994.8199462890625,-0.01830234741898955
2018-09-07,1975.199951171875,1937.3499755859373,1938.7099609375,1952.0699462890625,4892600,1952.0699462890625,-0.18,0.1,-0.25,0.008,1958.31005859375,-0.003186478197006497
2018-09-10,1973.0400390625,1931.52001953125,1971.0,1939.010009765625,4544800,1939.010009765625,0.23,0.1,-0.36,0.008,1952.0699462890625,-0.00669030151725085
2018-09-11,1988.8800048828125,1917.0,1928.27001953125,1987.1500244140625,5033600,1987.1500244140625,0.37,-0.28,-0.23,0.008,1939.010009765625,0.024827109920003122
2018-09-12,2000.0,1962.43994140625,1994.0,1990.0,4414000,1990.0,0.03,-0.04,-0.22,0.008,1987.1500244140625,0.001434202526695413
2018-09-13,2008.760009765625,1982.030029296875,2000.0,1989.8699951171875,3621500,1989.8699951171875,0.45,-0.42,-0.44,0.008,1990.0,-6.532908684045227e-05
2018-09-14,1993.6500244140625,1959.219970703125,1992.9300537109373,1970.18994140625,3642000,1970.18994140625,0.12,0.26,0.24,0.008,1989.8699951171875,-0.009890120339132256
2018-09-17,1956.8199462890625,1887.4100341796875,1954.72998046875,1908.030029296875,7050200,1908.030029296875,-0.71,-0.45,0.87,0.008,1970.18994140625,-0.031550212902319213
2018-09-18,1958.199951171875,1915.43994140625,1918.6500244140625,1941.050048828125,4268700,1941.050048828125,0.57,0.04,-0.48,0.008,1908.030029296875,0.01730581753129858
2018-09-19,1940.8299560546875,1904.9000244140625,1940.5,1926.4200439453125,4056800,1926.4200439453125,0.06,-0.66,1.26,0.008,1941.050048828125,-0.0075371600498632734
2018-09-20,1955.0,1932.25,1938.5799560546875,1944.300048828125,3154900,1944.300048828125,0.77,0.3,-0.24,0.008,1926.4200439453125,0.009281467423996591
2018-09-21,1957.31005859375,1910.5,1954.219970703125,1915.010009765625,6855900,1915.010009765625,-0.13,-0.42,0.31,0.008,1944.300048828125,-0.01506456736456587
2018-09-24,1936.8800048828125,1865.0,1903.7900390625,1934.3599853515625,4213700,1934.3599853515625,-0.31,0.04,-0.9,0.008,1915.010009765625,0.010104373077561988
2018-09-25,1975.9100341796875,1938.8499755859373,1942.9000244140625,1974.550048828125,4538400,1974.550048828125,-0.05,0.28,-0.38,0.008,1934.3599853515625,0.02077693075793134
2018-09-26,1995.25,1961.52001953125,1968.5,1974.8499755859373,4313500,1974.8499755859373,-0.4,-0.38,-0.61,0.008,1974.550048828125,0.0001518962550431558
2018-09-27,2016.1600341796875,1988.5799560546875,1993.239990234375,2012.97998046875,4329400,2012.97998046875,0.27,-0.26,-0.54,0.008,1974.8499755859373,0.01930779823996482
2018-09-28,2026.52001953125,1996.4599609375,2004.4100341796875,2003.0,4085100,2003.0,-0.03,0.42,-0.21,0.008,2012.97998046875,-0.004957814069480227
2018-10-01,2033.18994140625,2003.5999755859373,2021.989990234375,2004.3599853515625,3460500,2004.3599853515625,0.16,-1.6,0.37,0.008,2003.0,0.0006789742144595606
2018-10-02,2013.3900146484373,1965.77001953125,1999.989990234375,1971.31005859375,5400700,1971.31005859375,-0.21,-0.99,0.61,0.008,2004.3599853515625,-0.01648901744165262
2018-10-03,1989.699951171875,1949.81005859375,1981.699951171875,1952.760009765625,5253100,1952.760009765625,0.2,0.86,0.48,0.008,1971.31005859375,-0.00941001074247946
2018-10-04,1956.0,1896.5699462890625,1949.0,1909.4200439453125,7257000,1909.4200439453125,-0.93,-1.07,1.59,0.008,1952.760009765625,-0.022194210043001785
2018-10-05,1929.0799560546875,1862.8299560546875,1917.989990234375,1889.6500244140625,6822300,1889.6500244140625,-0.64,-0.4,0.42,0.008,1909.4200439453125,-0.010353939456087657
2018-10-08,1902.0,1830.6600341796875,1874.0,1864.4200439453125,7393200,1864.4200439453125,-0.17,-0.4,1.24,0.008,1889.6500244140625,-0.013351668373921908
2018-10-09,1896.6800537109373,1852.3199462890625,1859.989990234375,1870.3199462890625,4772900,1870.3199462890625,-0.18,-0.29,0.29,0.008,1864.4200439453125,0.003164470561722333
2018-10-10,1858.56005859375,1754.4100341796875,1857.8900146484373,1755.25,10988900,1755.25,-3.33,0.28,1.14,0.008,1870.3199462890625,-0.06152420419692095
2018-10-11,1755.4000244140625,1685.0999755859375,1724.0,1719.3599853515625,13935900,1719.3599853515625,-1.96,0.43,-0.92,0.008,1755.25,-0.020447238084852586
2018-10-12,1808.949951171875,1742.530029296875,1808.0,1788.6099853515625,9444600,1788.6099853515625,1.38,-0.88,-1.74,0.008,1719.3599853515625,0.04027661489739756
2018-10-15,1795.050048828125,1734.22998046875,1795.0,1760.949951171875,6437200,1760.949951171875,-0.48,0.91,0.53,0.008,1788.6099853515625,-0.015464541966230132
2018-10-16,1823.8800048828125,1761.550048828125,1783.5,1819.9599609375,5859900,1819.9599609375,2.24,0.66,-1.45,0.008,1760.949951171875,0.033510327608320206
2018-10-17,1845.0,1807.0,1842.7900390625,1831.72998046875,5295200,1831.72998046875,-0.08,-0.68,0.26,0.008,1819.9599609375,0.006467185973249111
2018-10-18,1830.1500244140625,1767.8699951171875,1821.489990234375,1770.719970703125,5874000,1770.719970703125,-1.54,-0.54,0.45,0.008,1831.72998046875,-0.033307316261762664
2018-10-19,1809.0999755859373,1753.0,1785.1600341796875,1764.030029296875,5907200,1764.030029296875,-0.25,-1.31,0.76,0.008,1770.719970703125,-0.003778091125043069
2018-10-22,1809.5,1756.0,1784.0,1789.300048828125,4500000,1789.300048828125,-0.38,0.46,-1.25,0.008,1764.030029296875,0.014325164034380061
2018-10-23,1776.3399658203125,1714.0,1742.239990234375,1768.699951171875,6723900,1768.699951171875,-0.62,-0.13,-0.42,0.008,1789.300048828125,-0.011512936396409155
2018-10-24,1777.7099609375,1656.56005859375,1773.699951171875,1664.199951171875,6928400,1664.199951171875,-3.33,-0.94,0.84,0.008,1768.699951171875,-0.05908294390507682
2018-10-25,1794.81005859375,1692.010009765625,1703.3399658203125,1782.1700439453125,10285700,1782.1700439453125,1.93,0.39,-0.61,0.008,1664.199951171875,0.07088697045710574
2018-10-26,1698.4599609375,1603.0,1649.5899658203125,1642.81005859375,14963800,1642.81005859375,-1.65,0.55,0.37,0.008,1782.1700439453125,-0.07819679487096064
2018-10-29,1665.739990234375,1495.0,1660.0,1538.8800048828125,13866100,1538.8800048828125,-0.77,-0.31,1.64,0.008,1642.81005859375,-0.06326358495753423
2018-10-30,1540.989990234375,1476.3599853515625,1486.1600341796875,1530.4200439453125,12460100,1530.4200439453125,1.66,0.4,0.04,0.008,1538.8800048828125,-0.005497479277563448
2018-10-31,1623.9100341796875,1565.0899658203125,1569.989990234375,1598.010009765625,9390200,1598.010009765625,1.22,-0.66,-0.8,0.008,1530.4200439453125,0.044164323440295805
2018-11-01,1670.449951171875,1598.43994140625,1623.530029296875,1665.530029296875,8135500,1665.530029296875,1.29,1.33,-1.16,0.008,1598.010009765625,0.04225256357508859
2018-11-02,1697.43994140625,1651.8299560546875,1678.5899658203125,1665.530029296875,6955500,1665.530029296875,-0.53,0.79,0.68,0.008,1665.530029296875,0.0
2018-11-05,1658.0899658203125,1596.3599853515625,1657.5699462890625,1627.800048828125,5624700,1627.800048828125,0.4,-1.01,1.56,0.008,1665.530029296875,-0.022653437527438758
2018-11-06,1665.0,1614.550048828125,1618.3499755859375,1642.81005859375,4257400,1642.81005859375,0.58,-0.15,0.03,0.008,1627.800048828125,0.009221040247806176
2018-11-07,1759.22998046875,1664.0799560546875,1673.0,1755.489990234375,8192200,1755.489990234375,2.11,-0.34,-1.03,0.008,1642.81005859375,0.06858975025821265
2018-11-08,1784.0,1725.1099853515625,1755.0,1754.9100341796875,6534900,1754.9100341796875,-0.28,-0.23,0.27,0.008,1755.489990234375,-0.000330367053024364
2018-11-09,1743.9200439453125,1701.8699951171875,1732.5,1712.4300537109375,5902200,1712.4300537109375,-1.04,-0.86,0.43,0.008,1754.9100341796875,-0.024206357956467424
2018-11-12,1708.550048828125,1630.010009765625,1698.239990234375,1636.8499755859375,6806200,1636.8499755859375,-2.06,0.01,0.89,0.008,1712.4300537109375,-0.044136154911094606
2018-11-13,1677.06005859375,1613.75,1649.2900390625,1631.1700439453125,5933300,1631.1700439453125,-0.13,-0.14,0.14,0.008,1636.8499755859375,-0.0034700380152993403
2018-11-14,1673.0,1597.0699462890625,1656.3199462890625,1599.010009765625,6486900,1599.010009765625,-0.77,0.04,-0.3,0.008,1631.1700439453125,-0.019715929862163233
2018-11-15,1624.8199462890625,1546.510009765625,1581.010009765625,1619.43994140625,8427300,1619.43994140625,1.18,0.37,-0.49,0.008,1599.010009765625,0.012776612726532912
2018-11-16,1614.47998046875,1573.1199951171875,1587.5,1593.4100341796875,6066100,1593.4100341796875,0.15,0.03,-0.08,0.008,1619.43994140625,-0.016073400785681053
2018-11-19,1581.18994140625,1503.3599853515625,1577.010009765625,1512.2900390625,7790000,1512.2900390625,-1.88,-0.67,2.4,0.008,1593.4100341796875,-0.05090968010562915
2018-11-20,1534.75,1420.0,1437.5,1495.4599609375,10878800,1495.4599609375,-1.85,0.12,-0.56,0.008,1512.2900390625,-0.01112886925806462
2018-11-21,1550.0,1515.0,1542.989990234375,1516.72998046875,5716800,1516.72998046875,0.51,1.0,-0.34,0.008,1495.4599609375,0.01422306185845048
2018-11-23,1536.199951171875,1501.81005859375,1517.0,1502.06005859375,2707600,1502.06005859375,-0.55,0.79,-0.57,0.008,1516.72998046875,-0.009672072197363843
2018-11-26,1584.81005859375,1524.219970703125,1539.0,1581.3299560546875,6257700,1581.3299560546875,1.62,-0.66,-0.23,0.008,1502.06005859375,0.05277411978796048
2018-11-27,1597.6500244140625,1558.010009765625,1575.989990234375,1581.4200439453125,5783200,1581.4200439453125,0.11,-1.07,0.28,0.008,1581.3299560546875,5.6969698373237213e-05
2018-11-28,1681.449951171875,1601.219970703125,1613.9200439453125,1677.75,8458700,1677.75,2.42,0.42,-1.17,0.008,1581.4200439453125,0.060913579806642894
2018-11-29,1689.989990234375,1652.3299560546875,1674.989990234375,1673.5699462890625,6613200,1673.5699462890625,-0.22,-0.12,-0.15,0.008,1677.75,-0.0024914639910222024
2018-11-30,1696.0,1666.5,1679.5,1690.1700439453125,5761800,1690.1700439453125,0.78,-0.32,-0.47,0.008,1673.5699462890625,0.009918974520938725
2018-12-03,1778.3399658203125,1730.0,1769.4599609375,1772.3599853515625,6862300,1772.3599853515625,1.13,-0.06,-0.78,0.01,1690.1700439453125,0.04862820856438594
2018-12-04,1770.3399658203125,1665.0,1756.0,1668.4000244140625,8694500,1668.4000244140625,-3.45,-0.95,-0.15,0.01,1772.3599853515625,-0.058656233381887524
2018-12-06,1701.050048828125,1609.8499755859375,1614.8699951171875,1699.18994140625,8789400,1699.18994140625,-0.16,0.11,-1.05,0.01,1668.4000244140625,0.018454756977722316
2018-12-07,1718.9300537109375,1625.4599609375,1705.0699462890625,1629.1300048828125,7576100,1629.1300048828125,-2.36,0.21,1.32,0.01,1699.18994140625,-0.041231374325024474
2018-12-10,1657.989990234375,1590.8699951171875,1623.8399658203125,1641.030029296875,7494800,1641.030029296875,0.1,-0.17,-1.69,0.01,1629.1300048828125,0.007304527188374079
2018-12-11,1679.469970703125,1619.5999755859375,1678.0,1643.239990234375,6244700,1643.239990234375,-0.08,-0.06,-0.39,0.01,1641.030029296875,0.0013466913450979885
2018-12-12,1704.989990234375,1660.27001953125,1669.0,1663.5400390625,6598000,1663.5400390625,0.68,0.57,-0.22,0.01,1643.239990234375,0.012353672591201731
2018-12-13,1692.1199951171875,1641.5,1680.0,1658.3800048828125,5271300,1658.3800048828125,-0.26,-1.5,-0.18,0.01,1663.5400390625,-0.003101839485988852
2018-12-14,1642.5699462890625,1585.0,1638.0,1591.9100341796875,6367200,1591.9100341796875,-1.89,-0.07,0.53,0.01,1658.3800048828125,-0.04008126636079529
2018-12-17,1576.1300048828125,1505.010009765625,1566.0,1520.9100341796875,8829800,1520.9100341796875,-2.13,-0.3,1.05,0.01,1591.9100341796875,-0.0446005103778282
2018-12-18,1567.550048828125,1523.010009765625,1540.0,1551.47998046875,6523000,1551.47998046875,-0.03,-0.01,-0.59,0.01,1520.9100341796875,0.0200997729004731
2018-12-19,1584.530029296875,1483.1800537109375,1543.050048828125,1495.0799560546875,8792200,1495.0799560546875,-1.58,-0.62,0.04,0.01,1551.47998046875,-0.03635240230236313
2018-12-20,1509.5,1432.68994140625,1484.0,1460.8299560546875,9991800,1460.8299560546875,-1.62,-0.29,0.93,0.01,1495.0799560546875,-0.022908473798539237
2018-12-21,1480.0,1363.9599609375,1464.989990234375,1377.449951171875,13640300,1377.449951171875,-2.17,-0.57,0.82,0.01,1460.8299560546875,-0.057077146136843795
2018-12-24,1396.030029296875,1307.0,1346.0,1343.9599609375,7220000,1343.9599609375,-2.55,0.97,-0.44,0.01,1377.449951171875,-0.024313035987901528
2018-12-26,1473.1600341796875,1363.010009765625,1368.8900146484375,1470.9000244140625,10411800,1470.9000244140625,5.06,-0.06,-1.01,0.01,1343.9599609375,0.09445226581602438
2018-12-27,1469.0,1390.31005859375,1454.199951171875,1461.6400146484375,9722000,1461.6400146484375,0.78,-0.66,-0.15,0.01,1470.9000244140625,-0.006295471896068363
2018-12-28,1513.469970703125,1449.0,1473.3499755859375,1478.02001953125,8829000,1478.02001953125,-0.03,0.76,0.24,0.01,1461.6400146484375,0.01120659308629582
2018-12-31,1520.760009765625,1487.0,1510.800048828125,1501.969970703125,6954500,1501.969970703125,0.9,-0.1,-0.46,0.01,1478.02001953125,0.016204077654828154
2019-01-02,1553.3599853515625,1460.9300537109375,1465.199951171875,1539.1300048828125,7983100,1539.1300048828125,0.23,0.57,1.1,0.01,1501.969970703125,0.024740863602147504
2019-01-03,1538.0,1497.1099853515625,1520.010009765625,1500.280029296875,6975600,1500.280029296875,-2.45,0.4,1.26,0.01,1539.1300048828125,-0.02524151661177932
2019-01-04,1594.0,1518.31005859375,1530.0,1575.3900146484375,9182600,1575.3900146484375,3.55,0.43,-0.72,0.01,1500.280029296875,0.050063977314130974
2019-01-07,1634.56005859375,1589.18994140625,1602.31005859375,1629.510009765625,7993200,1629.510009765625,0.94,0.96,-0.78,0.01,1575.3900146484375,0.03435339478729962
2019-01-08,1676.6099853515625,1616.6099853515625,1664.68994140625,1656.5799560546875,8881400,1656.5799560546875,1.01,0.54,-0.64,0.01,1629.510009765625,0.016612322800616617
2019-01-09,1667.800048828125,1641.4000244140625,1652.97998046875,1659.4200439453125,6348800,1659.4200439453125,0.56,0.46,0.06,0.01,1656.5799560546875,0.0017144285008669042
2019-01-10,1663.25,1621.6199951171875,1641.010009765625,1656.219970703125,6507700,1656.219970703125,0.42,0.03,-0.47,0.01,1659.4200439453125,-0.0019284287024635704
2019-01-11,1660.2900390625,1636.219970703125,1640.550048828125,1640.56005859375,4686200,1640.56005859375,-0.01,0.13,0.19,0.01,1656.219970703125,-0.00945521270506526
2019-01-14,1648.199951171875,1595.1500244140625,1615.0,1617.2099609375,6005900,1617.2099609375,-0.6,-0.6,0.94,0.01,1640.56005859375,-0.014233003865926836
2019-01-15,1675.1600341796875,1626.010009765625,1632.0,1674.56005859375,5998500,1674.56005859375,1.06,0.0,-0.86,0.01,1617.2099609375,0.03546236978592689
2019-01-16,1705.0,1675.8800048828125,1684.219970703125,1683.780029296875,6366900,1683.780029296875,0.28,0.04,0.93,0.01,1674.56005859375,0.005505906256278249
2019-01-17,1700.1700439453125,1677.5,1680.0,1693.219970703125,4208900,1693.219970703125,0.75,0.11,-0.25,0.01,1683.780029296875,0.0056063982479896725
2019-01-18,1716.199951171875,1691.5400390625,1712.0,1696.199951171875,6020500,1696.199951171875,1.29,-0.35,0.13,0.01,1693.219970703125,0.0017599488077810327
2019-01-22,1681.8699951171875,1610.199951171875,1681.0,1632.1700439453125,6416800,1632.1700439453125,-1.53,-0.41,0.35,0.01,1696.199951171875,-0.03774903258446939
2019-01-23,1657.4300537109375,1612.0,1656.0,1640.02001953125,5225200,1640.02001953125,0.15,-0.4,-0.15,0.01,1632.1700439453125,0.004809532937488786
2019-01-24,1657.260009765625,1631.780029296875,1641.0699462890625,1654.9300537109375,4089900,1654.9300537109375,0.23,0.43,-0.04,0.01,1640.02001953125,0.009091373277229312
2019-01-25,1683.47998046875,1661.6099853515625,1670.5,1670.5699462890625,4945900,1670.5699462890625,0.9,0.47,-0.39,0.01,1654.9300537109375,0.00945048556164343
2019-01-28,1645.0,1614.0899658203125,1643.5899658203125,1637.8900146484375,4837700,1637.8900146484375,-0.8,-0.17,0.65,0.01,1670.5699462890625,-0.019562145071039316
2019-01-29,1632.3800048828125,1590.719970703125,1631.27001953125,1593.8800048828125,4632800,1593.8800048828125,-0.19,0.0,0.19,0.01,1637.8900146484375,-0.02686994204251954
2019-01-30,1676.949951171875,1619.6800537109375,1623.0,1670.4300537109375,5783800,1670.4300537109375,1.51,-0.11,-0.99,0.01,1593.8800048828125,0.048027485503059075
2019-01-31,1736.4100341796875,1679.0799560546875,1692.8499755859375,1718.72998046875,10910300,1718.72998046875,0.92,0.13,-1.05,0.01,1670.4300537109375,0.028914665807473938
2019-02-01,1673.06005859375,1622.010009765625,1638.8800048828125,1626.22998046875,11506200,1626.22998046875,0.14,-0.12,0.36,0.01,1718.72998046875,-0.05381880868498752
2019-02-04,1649.6300048828125,1613.5,1623.0,1633.31005859375,4929100,1633.31005859375,0.72,0.48,-0.46,0.01,1626.22998046875,0.004353675808485104
2019-02-05,1665.260009765625,1642.5,1643.3399658203125,1658.81005859375,4453100,1658.81005859375,0.43,-0.09,-0.59,0.01,1633.31005859375,0.015612467373130018
2019-02-06,1672.260009765625,1633.3399658203125,1670.75,1640.260009765625,3939900,1640.260009765625,-0.22,-0.02,0.05,0.01,1658.81005859375,-0.011182744360647737
2019-02-07,1625.5400390625,1592.9100341796875,1625.0,1614.3699951171875,4626600,1614.3699951171875,-0.93,-0.14,0.4,0.01,1640.260009765625,-0.015784091847814357
2019-02-08,1588.5899658203125,1566.760009765625,1586.0,1588.219970703125,5657500,1588.219970703125,0.09,0.06,-0.72,0.01,1614.3699951171875,-0.01619828446586327
2019-02-11,1609.2900390625,1586.0,1600.97998046875,1591.0,3317300,1591.0,0.14,0.65,0.21,0.01,1588.219970703125,0.0017504057045978625
2019-02-12,1639.4000244140625,1598.8800048828125,1604.0,1638.010009765625,4858600,1638.010009765625,1.36,0.01,-0.16,0.01,1591.0,0.029547460569217473
2019-02-13,1656.3800048828125,1637.1099853515625,1647.0,1640.0,3560300,1640.0,0.28,0.08,0.07,0.01,1638.010009765625,0.0012148828288660691
2019-02-14,1637.9000244140625,1606.06005859375,1624.5,1622.6500244140625,4120500,1622.6500244140625,-0.21,0.52,-0.58,0.01,1640.0,-0.010579253406059452
2019-02-15,1628.9100341796875,1604.5,1627.8599853515625,1607.949951171875,4343900,1607.949951171875,1.13,0.25,0.48,0.01,1622.6500244140625,-0.009059299923589921
2019-02-19,1634.0,1600.56005859375,1601.0,1627.5799560546875,3681700,1627.5799560546875,0.19,0.27,0.32,0.01,1607.949951171875,0.012208094454996028
2019-02-20,1634.9300537109375,1610.1199951171875,1630.0,1622.0999755859375,3337600,1622.0999755859375,0.19,0.25,0.53,0.01,1627.5799560546875,-0.00336695008338249
2019-02-21,1623.56005859375,1600.9100341796875,1619.8499755859375,1619.43994140625,3483400,1619.43994140625,-0.37,-0.07,-0.22,0.01,1622.0999755859375,-0.0016398706736473739
2019-02-22,1634.93994140625,1621.1700439453125,1623.5,1631.56005859375,3096200,1631.56005859375,0.65,0.56,-1.45,0.01,1619.43994140625,0.0074841412006767145
2019-02-25,1654.5999755859375,1630.3900146484375,1641.449951171875,1633.0,3184500,1633.0,0.15,-0.23,-0.18,0.01,1631.56005859375,0.0008825549501935546
2019-02-26,1639.989990234375,1616.1300048828125,1625.97998046875,1636.4000244140625,2665800,1636.4000244140625,-0.16,-0.64,-0.32,0.01,1633.0,0.0020820725132042256
2019-02-27,1641.81005859375,1615.0999755859375,1628.1800537109375,1641.0899658203125,3148800,1641.0899658203125,0.09,0.21,-0.12,0.01,1636.4000244140625,0.002866011571913355
2019-02-28,1651.77001953125,1633.8299560546875,1635.25,1639.8299560546875,3025900,1639.8299560546875,-0.31,0.01,-0.22,0.01,1641.0899658203125,-0.0007677883552198637
2019-03-01,1674.260009765625,1651.0,1655.1300048828125,1671.72998046875,4974900,1671.72998046875,0.72,0.3,-0.44,0.009000000000000001,1639.8299560546875,0.019453251415659983
2019-03-04,1709.4300537109375,1674.3599853515625,1685.0,1696.1700439453125,6167400,1696.1700439453125,-0.52,-0.42,0.38,0.009000000000000001,1671.72998046875,0.01461962384003519
2019-03-05,1707.800048828125,1689.010009765625,1702.949951171875,1692.4300537109375,3681500,1692.4300537109375,-0.17,-0.32,-0.22,0.009000000000000001,1696.1700439453125,-0.0022049618478556174
2019-03-06,1697.75,1668.280029296875,1695.969970703125,1668.949951171875,3996000,1668.949951171875,-0.84,-1.28,0.08,0.009000000000000001,1692.4300537109375,-0.01387360292236505
2019-03-07,1669.75,1620.510009765625,1667.3699951171875,1625.949951171875,4957000,1625.949951171875,-0.82,-0.05,-0.3,0.009000000000000001,1668.949951171875,-0.025764703111562447
2019-03-08,1622.719970703125,1586.5699462890625,1604.010009765625,1620.800048828125,4667000,1620.800048828125,-0.22,0.04,-0.15,0.009000000000000001,1625.949951171875,-0.003167319104772135
2019-03-11,1672.2900390625,1626.010009765625,1626.1199951171875,1670.6199951171875,3876400,1670.6199951171875,1.49,0.35,-0.56,0.009000000000000001,1620.800048828125,0.030737873141775535
2019-03-12,1684.27001953125,1660.97998046875,1669.0,1673.0999755859375,3614500,1673.0999755859375,0.25,-0.26,-0.11,0.009000000000000001,1670.6199951171875,0.0014844671295676903
2019-03-13,1700.0,1679.3499755859375,1683.0,1690.81005859375,3552000,1690.81005859375,0.68,-0.32,0.09,0.009000000000000001,1673.0999755859375,0.010585191122013041
2019-03-14,1702.0,1684.3399658203125,1691.199951171875,1686.219970703125,2946600,1686.219970703125,-0.1,-0.39,0.29,0.009000000000000001,1690.81005859375,-0.002714727102133864
2019-03-15,1718.800048828125,1693.1300048828125,1703.0,1712.3599853515625,7550900,1712.3599853515625,0.48,-0.27,-0.28,0.009000000000000001,1686.219970703125,0.01550213797879381
2019-03-18,1750.0,1712.6300048828125,1712.699951171875,1742.1500244140625,5429100,1742.1500244140625,0.46,0.13,0.43,0.009000000000000001,1712.3599853515625,0.017397065638849206
2019-03-19,1784.1600341796875,1753.510009765625,1753.510009765625,1761.8499755859375,6364200,1761.8499755859375,-0.09,-0.38,-0.93,0.009000000000000001,1742.1500244140625,0.01130783853043924
2019-03-20,1799.5,1767.030029296875,1769.93994140625,1797.27001953125,6265600,1797.27001953125,-0.39,0.03,-1.05,0.009000000000000001,1761.8499755859375,0.020103893314487732
2019-03-21,1823.75,1787.280029296875,1796.260009765625,1819.260009765625,5767800,1819.260009765625,1.11,0.3,-1.25,0.009000000000000001,1797.27001953125,0.012235217855639888
2019-03-22,1818.97998046875,1763.1099853515625,1810.1700439453125,1764.77001953125,6363000,1764.77001953125,-2.17,-1.51,-0.03,0.009000000000000001,1819.260009765625,-0.02995173309031013
2019-03-25,1782.6800537109375,1747.5,1757.7900390625,1774.260009765625,5103800,1774.260009765625,-0.05,0.66,-0.26,0.009000000000000001,1764.77001953125,0.0053774656920428
2019-03-26,1805.77001953125,1773.3599853515625,1793.0,1783.760009765625,4865900,1783.760009765625,0.76,0.18,0.45,0.009000000000000001,1774.260009765625,0.005354344880520034
2019-03-27,1787.5,1745.6800537109375,1784.1300048828125,1765.699951171875,4324800,1765.699951171875,-0.5,0.1,0.5,0.009000000000000001,1783.760009765625,-0.010124713243303947
2019-03-28,1777.9300537109375,1753.469970703125,1770.0,1773.4200439453125,3043000,1773.4200439453125,0.4,0.35,0.0,0.009000000000000001,1765.699951171875,0.004372256321530599
2019-03-29,1792.8599853515625,1776.6300048828125,1786.5799560546875,1780.75,3320800,1780.75,0.66,-0.22,-0.92,0.009000000000000001,1773.4200439453125,0.00413323176295031
2019-04-01,1815.6700439453125,1798.72998046875,1800.1099853515625,1814.18994140625,4238800,1814.18994140625,1.19,-0.31,0.94,0.01,1780.75,0.01877857161659413
2019-04-02,1820.0,1805.1199951171875,1811.02001953125,1813.97998046875,3448100,1813.97998046875,-0.05,-0.12,-0.44,0.01,1814.18994140625,-0.00011573261030057913
2019-04-03,1830.0,1809.6199951171875,1826.719970703125,1820.699951171875,3980600,1820.699951171875,0.27,0.2,-0.4,0.01,1813.97998046875,0.003704545130309814
2019-04-04,1828.75,1804.199951171875,1820.6500244140625,1818.8599853515625,3623900,1818.8599853515625,0.19,0.2,0.95,0.01,1820.699951171875,-0.0010105815728331429
2019-04-05,1838.5799560546875,1825.18994140625,1829.0,1837.280029296875,3640500,1837.280029296875,0.52,0.53,-0.08,0.01,1818.8599853515625,0.010127246788461367
2019-04-08,1850.199951171875,1825.1099853515625,1833.22998046875,1849.8599853515625,3752800,1849.8599853515625,0.08,-0.3,0.11,0.01,1837.280029296875,0.006847054261783837
2019-04-09,1853.0899658203125,1831.780029296875,1845.489990234375,1835.8399658203125,3714400,1835.8399658203125,-0.65,-0.57,-0.14,0.01,1849.8599853515625,-0.0075789625389326536
2019-04-10,1848.0,1828.81005859375,1841.0,1847.3299560546875,2964000,1847.3299560546875,0.48,0.95,-0.12,0.01,1835.8399658203125,0.006258710153551375
2019-04-11,1849.949951171875,1840.31005859375,1848.699951171875,1844.0699462890625,2654800,1844.0699462890625,0.0,-0.33,0.4,0.01,1847.3299560546875,-0.0017647143949245266
2019-04-12,1851.5,1841.300048828125,1848.4000244140625,1843.06005859375,3114400,1843.06005859375,0.65,-0.5,0.62,0.01,1844.0699462890625,-0.0005476406669631813
2019-04-15,1846.8499755859373,1818.9000244140625,1842.0,1844.8699951171875,3724400,1844.8699951171875,-0.09,-0.23,-0.53,0.01,1843.06005859375,0.0009820279675630738
2019-04-16,1869.77001953125,1848.0,1851.3499755859373,1863.0400390625,3044600,1863.0400390625,0.13,0.12,0.7,0.01,1844.8699951171875,0.009848956291447693
2019-04-17,1876.469970703125,1860.43994140625,1872.989990234375,1864.8199462890625,2893500,1864.8199462890625,-0.32,-0.71,0.81,0.01,1863.0400390625,0.0009553778712443383
2019-04-18,1870.8199462890625,1859.47998046875,1868.7900390625,1861.68994140625,2749900,1861.68994140625,0.11,-0.24,-0.49,0.01,1864.8199462890625,-0.0016784488438367033
2019-04-22,1888.4200439453125,1845.6400146484373,1855.4000244140625,1887.31005859375,3373800,1887.31005859375,0.11,-0.44,-0.55,0.01,1861.68994140625,0.013761753027546324
2019-04-23,1929.260009765625,1889.5799560546875,1891.199951171875,1923.77001953125,4640400,1923.77001953125,0.97,0.71,-0.53,0.01,1887.31005859375,0.019318479637980952
2019-04-24,1929.68994140625,1898.1600341796875,1925.0,1901.75,3675800,1901.75,-0.23,0.27,-0.08,0.01,1923.77001953125,-0.011446284798957125
2019-04-25,1922.449951171875,1900.31005859375,1917.0,1902.25,6099100,1902.25,-0.14,-0.75,-0.17,0.01,1901.75,0.0002629157355067701
2019-04-26,1951.0,1898.0,1929.0,1950.6300048828125,8432600,1950.6300048828125,0.53,0.46,0.0,0.01,1902.25,0.025433042388125902
2019-04-29,1956.3399658203125,1934.0899658203125,1949.0,1938.4300537109373,4021300,1938.4300537109373,0.18,0.1,0.64,0.01,1950.6300048828125,-0.006254364559827511
2019-04-30,1935.7099609375,1906.949951171875,1930.0999755859373,1926.52001953125,3506000,1926.52001953125,-0.04,-0.68,0.26,0.01,1938.4300537109373,-0.0061441650457733366
2019-05-01,1943.6400146484373,1910.550048828125,1933.0899658203125,1911.52001953125,3117000,1911.52001953125,-0.83,-0.11,-0.04,0.009000000000000001,1926.52001953125,-0.007786059759529369
2019-05-02,1921.550048828125,1881.8699951171875,1913.3299560546875,1900.8199462890625,3962900,1900.8199462890625,-0.16,0.45,-0.29,0.009000000000000001,1911.52001953125,-0.005597677833796066
2019-05-03,1964.4000244140625,1936.0,1949.0,1962.4599609375,6381600,1962.4599609375,1.13,0.93,-0.27,0.009000000000000001,1900.8199462890625,0.032428118596280635
2019-05-06,1959.0,1910.5,1917.97998046875,1950.550048828125,5417800,1950.550048828125,-0.39,0.59,-0.38,0.009000000000000001,1962.4599609375,-0.00606886884137266
2019-05-07,1949.0999755859373,1903.3800048828125,1939.989990234375,1921.0,5902100,1921.0,-1.69,-0.28,0.5,0.009000000000000001,1950.550048828125,-0.0151495978510669
2019-05-08,1935.3699951171875,1910.0,1918.8699951171875,1917.77001953125,4078600,1917.77001953125,-0.22,-0.14,-0.29,0.009000000000000001,1921.0,-0.0016814057619729307
2019-05-09,1909.4000244140625,1876.0,1900.0,1899.8699951171875,5308300,1899.8699951171875,-0.28,0.07,0.19,0.009000000000000001,1917.77001953125,-0.009333770072408215
2019-05-10,1903.7900390625,1856.0,1898.0,1889.97998046875,5718000,1889.97998046875,0.35,-0.37,0.1,0.009000000000000001,1899.8699951171875,-0.005205627055459374
2019-05-13,1846.5400390625,1818.0,1836.56005859375,1822.6800537109373,5783400,1822.6800537109373,-2.67,-0.71,0.32,0.009000000000000001,1889.97998046875,-0.035608804036707895
2019-05-14,1852.43994140625,1815.75,1839.5,1840.1199951171875,4629100,1840.1199951171875,0.93,0.41,-0.06,0.009000000000000001,1822.6800537109373,0.009568295527645064
2019-05-15,1874.4300537109373,1823.0,1827.949951171875,1871.1500244140625,4692600,1871.1500244140625,0.59,0.05,-0.97,0.009000000000000001,1840.1199951171875,0.016863046637835628
2019-05-16,1917.510009765625,1882.2900390625,1885.93994140625,1907.5699462890625,4707800,1907.5699462890625,0.91,-0.39,-0.28,0.009000000000000001,1871.1500244140625,0.0194639240038514
2019-05-17,1910.530029296875,1867.3299560546875,1893.050048828125,1869.0,4736600,1869.0,-0.73,-0.8,0.32,0.009000000000000001,1907.5699462890625,-0.020219413900966245
2019-05-20,1867.780029296875,1835.5400390625,1852.68994140625,1858.969970703125,3798200,1858.969970703125,-0.65,-0.21,0.75,0.009000000000000001,1869.0,-0.005366521828183521
2019-05-21,1879.0,1846.0,1874.7900390625,1857.52001953125,4005100,1857.52001953125,0.9,0.42,-0.35,0.009000000000000001,1858.969970703125,-0.0007799755750366315
2019-05-22,1871.489990234375,1851.0,1851.780029296875,1859.6800537109373,2936600,1859.6800537109373,-0.4,-0.5,-0.59,0.009000000000000001,1857.52001953125,0.0011628591654330395
2019-05-23,1844.0,1804.199951171875,1836.5899658203125,1815.47998046875,4424300,1815.47998046875,-1.37,-0.7,-0.25,0.009000000000000001,1859.6800537109373,-0.02376756859546206
2019-05-24,1841.760009765625,1817.8499755859373,1835.8900146484373,1823.280029296875,3369700,1823.280029296875,0.23,0.49,0.32,0.009000000000000001,1815.47998046875,0.004296411368915815
2019-05-28,1849.27001953125,1827.3499755859373,1832.75,1836.4300537109373,3200000,1836.4300537109373,-0.78,0.27,-0.62,0.009000000000000001,1823.280029296875,0.007212290050219776
2019-05-29,1830.0,1807.530029296875,1823.1199951171875,1819.18994140625,4279000,1819.18994140625,-0.71,-0.26,0.41,0.009000000000000001,1836.4300537109373,-0.009387840429778192
2019-05-30,1829.469970703125,1807.8299560546875,1825.489990234375,1816.3199462890625,3146900,1816.3199462890625,0.14,-0.29,-0.8,0.009000000000000001,1819.18994140625,-0.0015776225735774287
2019-05-31,1795.5899658203125,1772.699951171875,1790.010009765625,1775.0699462890625,4618800,1775.0699462890625,-1.37,-0.21,-0.08,0.009000000000000001,1816.3199462890625,-0.022710756485540006
2019-06-03,1766.2900390625,1672.0,1760.010009765625,1692.68994140625,9098700,1692.68994140625,-0.4,0.35,1.68,0.009000000000000001,1775.0699462890625,-0.04640944152935215
2019-06-04,1730.8199462890625,1680.8900146484375,1699.239990234375,1729.56005859375,5679100,1729.56005859375,2.33,0.41,-0.07,0.009000000000000001,1692.68994140625,0.02178196743868467
2019-06-05,1752.0,1715.25,1749.5999755859375,1738.5,4239800,1738.5,0.7,-1.01,-0.95,0.009000000000000001,1729.56005859375,0.005168910649751464
2019-06-06,1760.0,1726.1300048828125,1737.7099609375,1754.3599853515625,3689300,1754.3599853515625,0.55,-1.04,0.01,0.009000000000000001,1738.5,0.009122798591637907
2019-06-07,1806.25,1759.489990234375,1763.699951171875,1804.030029296875,4808200,1804.030029296875,1.04,0.02,-1.23,0.009000000000000001,1754.3599853515625,0.028312344307920897
2019-06-10,1884.8699951171875,1818.0,1822.0,1860.6300048828125,5371000,1860.6300048828125,0.53,-0.07,0.06,0.009000000000000001,1804.030029296875,0.031374187051640974
2019-06-11,1893.699951171875,1858.0,1883.25,1863.699951171875,4042700,1863.699951171875,-0.12,-0.25,0.55,0.009000000000000001,1860.6300048828125,0.0016499498992309616
2019-06-12,1865.0,1844.3800048828125,1853.97998046875,1855.3199462890625,2674500,1855.3199462890625,-0.2,0.4,-0.99,0.009000000000000001,1863.699951171875,-0.004496434566917942
2019-06-13,1883.0899658203125,1862.219970703125,1866.719970703125,1870.300048828125,2795800,1870.300048828125,0.52,0.67,-0.01,0.009000000000000001,1855.3199462890625,0.008074134366433729
2019-06-14,1876.0,1859.0,1864.0,1869.6700439453125,2851200,1869.6700439453125,-0.27,-0.76,0.33,0.009000000000000001,1870.300048828125,-0.0003368469584370928
2019-06-17,1895.68994140625,1875.449951171875,1876.5,1886.030029296875,2634300,1886.030029296875,0.15,0.63,-1.14,0.009000000000000001,1869.6700439453125,0.008750199215386813
2019-06-18,1921.6700439453125,1899.7900390625,1901.3499755859373,1901.3699951171875,3895700,1901.3699951171875,1.04,0.16,0.28,0.009000000000000001,1886.030029296875,0.008133468493092523
2019-06-19,1919.5799560546875,1892.469970703125,1907.8399658203125,1908.7900390625,2895300,1908.7900390625,0.32,0.12,-0.61,0.009000000000000001,1901.3699951171875,0.0039024724090353487
2019-06-20,1935.199951171875,1905.800048828125,1933.3299560546875,1918.18994140625,3217200,1918.18994140625,0.89,-0.35,-0.23,0.009000000000000001,1908.7900390625,0.004924534470206451
2019-06-21,1925.949951171875,1907.5799560546875,1916.0999755859373,1911.300048828125,3933600,1911.300048828125,-0.21,-0.48,0.0,0.009000000000000001,1918.18994140625,-0.0035918719149751824
2019-06-24,1916.8599853515625,1901.300048828125,1912.6600341796875,1913.9000244140625,2283000,1913.9000244140625,-0.34,-0.89,0.08,0.009000000000000001,1911.300048828125,0.0013603178567026264
2019-06-25,1916.3900146484373,1872.4200439453125,1911.8399658203125,1878.27001953125,3012300,1878.27001953125,-0.98,0.35,0.72,0.009000000000000001,1913.9000244140625,-0.018616439954182336
2019-06-26,1903.800048828125,1887.3199462890625,1892.47998046875,1897.8299560546875,2441900,1897.8299560546875,-0.06,-0.07,0.23,0.009000000000000001,1878.27001953125,0.010413804362547921
2019-06-27,1911.239990234375,1898.0400390625,1902.0,1904.280029296875,2141700,1904.280029296875,0.6,1.41,-0.11,0.009000000000000001,1897.8299560546875,0.003398657093386946
2019-06-28,1912.93994140625,1884.0,1909.0999755859373,1893.6300048828125,3037400,1893.6300048828125,0.68,0.64,0.61,0.009000000000000001,1904.280029296875,-0.005592677678815364
2019-07-01,1929.8199462890625,1914.6600341796875,1922.97998046875,1922.18994140625,3203300,1922.18994140625,0.75,-0.54,-0.15,0.009000000000000001,1893.6300048828125,0.015082110259023349
2019-07-02,1934.7900390625,1906.6300048828125,1919.3800048828125,1934.31005859375,2645900,1934.31005859375,0.14,-0.81,-0.78,0.009000000000000001,1922.18994140625,0.0063053691658760186
2019-07-03,1941.5899658203125,1930.5,1935.8900146484373,1939.0,1690300,1939.0,0.78,-0.06,-0.3,0.009000000000000001,1934.31005859375,0.0024246068438787956
2019-07-05,1945.9000244140625,1925.300048828125,1928.5999755859373,1942.9100341796875,2628400,1942.9100341796875,-0.1,0.16,0.9,0.009000000000000001,1939.0,0.0020165209797253737
2019-07-08,1956.0,1928.25,1934.1199951171875,1952.3199462890625,2883400,1952.3199462890625,-0.58,-0.44,0.05,0.009000000000000001,1942.9100341796875,0.004843205266242779
2019-07-09,1990.010009765625,1943.47998046875,1947.800048828125,1988.300048828125,4345700,1988.300048828125,0.18,-0.16,-0.44,0.009000000000000001,1952.3199462890625,0.018429408871969415
2019-07-10,2024.93994140625,1995.4000244140625,1996.510009765625,2017.4100341796875,4931900,2017.4100341796875,0.4,-0.16,-0.39,0.009000000000000001,1988.300048828125,0.014640640062710606
2019-07-11,2035.800048828125,1995.300048828125,2025.6199951171875,2001.0699462890625,4317800,2001.0699462890625,0.19,-0.8,0.05,0.009000000000000001,2017.4100341796875,-0.008099537334396749
2019-07-12,2017.0,2003.8699951171875,2008.27001953125,2011.0,2509300,2011.0,0.53,0.2,0.41,0.009000000000000001,2001.0699462890625,0.004962372119651566
2019-07-15,2022.9000244140625,2001.550048828125,2021.4000244140625,2020.989990234375,2981300,2020.989990234375,-0.04,-0.38,-1.0,0.009000000000000001,2011.0,0.004967672916148682
2019-07-16,2026.3199462890625,2001.219970703125,2010.5799560546875,2009.9000244140625,2618200,2009.9000244140625,-0.32,0.34,0.13,0.009000000000000001,2020.989990234375,-0.005487392750038506
2019-07-17,2012.0,1992.030029296875,2007.050048828125,1992.030029296875,2558800,1992.030029296875,-0.64,-0.15,-0.65,0.009000000000000001,2009.9000244140625,-0.008890987064093928
2019-07-18,1987.5,1951.550048828125,1980.010009765625,1977.9000244140625,3504300,1977.9000244140625,0.35,-0.32,-0.01,0.009000000000000001,1992.030029296875,-0.00709326901452382
2019-07-19,1996.0,1962.22998046875,1991.2099609375,1964.52001953125,3185600,1964.52001953125,-0.56,0.15,0.86,0.009000000000000001,1977.9000244140625,-0.00676475287813206
2019-07-22,1989.0,1958.260009765625,1971.1400146484373,1985.6300048828125,2900000,1985.6300048828125,0.25,-0.43,-0.48,0.009000000000000001,1964.52001953125,0.010745619867289268
2019-07-23,1997.7900390625,1973.1300048828125,1995.989990234375,1994.489990234375,2703500,1994.489990234375,0.65,-0.2,0.78,0.009000000000000001,1985.6300048828125,0.004462052512187635
2019-07-24,2001.300048828125,1965.8699951171875,1969.300048828125,2000.81005859375,2631300,2000.81005859375,0.66,0.76,0.81,0.009000000000000001,1994.489990234375,0.0031687641403666915
2019-07-25,2001.199951171875,1972.719970703125,2001.0,1973.8199462890625,4136500,1973.8199462890625,-0.63,-0.7,-0.19,0.009000000000000001,2000.81005859375,-0.013489592472189608
2019-07-26,1950.9000244140625,1924.510009765625,1942.0,1943.050048828125,4927100,1943.050048828125,0.82,0.4,-0.2,0.009000000000000001,1973.8199462890625,-0.015589009280601982
2019-07-29,1932.22998046875,1890.5400390625,1930.0,1912.449951171875,4493200,1912.449951171875,-0.32,-0.32,-0.43,0.009000000000000001,1943.050048828125,-0.01574848659956302
2019-07-30,1909.8900146484373,1883.47998046875,1891.1199951171875,1898.530029296875,2910900,1898.530029296875,-0.17,1.32,0.83,0.009000000000000001,1912.449951171875,-0.007278580998404906
2019-07-31,1899.550048828125,1849.43994140625,1898.1099853515625,1866.780029296875,4470700,1866.780029296875,-1.09,0.13,0.55,0.009000000000000001,1898.530029296875,-0.016723464738537048
2019-08-01,1897.9200439453125,1844.010009765625,1871.719970703125,1855.3199462890625,4713300,1855.3199462890625,-1.04,-0.48,-1.87,0.006999999999999999,1866.780029296875,-0.0061389573639958825
2019-08-02,1846.3599853515625,1808.02001953125,1845.0699462890625,1823.239990234375,4956200,1823.239990234375,-0.87,-0.32,0.05,0.006999999999999999,1855.3199462890625,-0.01729079457095934
2019-08-05,1788.6700439453125,1748.780029296875,1770.219970703125,1765.1300048828125,6058200,1765.1300048828125,-3.07,-0.03,0.0,0.006999999999999999,1823.239990234375,-0.03187182469823544
2019-08-06,1793.77001953125,1753.4000244140625,1792.22998046875,1787.8299560546875,5070300,1787.8299560546875,1.29,-0.42,-0.56,0.006999999999999999,1765.1300048828125,0.012860214890167285
2019-08-07,1798.9300537109375,1757.0,1773.989990234375,1793.4000244140625,4526900,1793.4000244140625,0.07,0.08,-0.91,0.006999999999999999,1787.8299560546875,0.003115547057767623
2019-08-08,1834.260009765625,1798.1099853515625,1806.0,1832.8900146484373,3701200,1832.8900146484373,1.97,0.09,-0.32,0.006999999999999999,1793.4000244140625,0.022019621778067554
2019-08-09,1831.0899658203125,1802.219970703125,1828.949951171875,1807.5799560546875,2879800,1807.5799560546875,-0.78,-0.38,-0.34,0.006999999999999999,1832.8900146484373,-0.013808825620452977
2019-08-12,1800.97998046875,1777.0,1795.989990234375,1784.9200439453125,2905500,1784.9200439453125,-1.32,0.28,-0.27,0.006999999999999999,1807.5799560546875,-0.01253604966877019
2019-08-13,1831.739990234375,1780.0,1783.0,1824.3399658203125,3994000,1824.3399658203125,1.47,-0.16,-0.54,0.006999999999999999,1784.9200439453125,0.022084979105208465
2019-08-14,1795.6500244140625,1757.219970703125,1793.010009765625,1762.9599609375,4893600,1762.9599609375,-2.95,0.21,-0.52,0.006999999999999999,1824.3399658203125,-0.03364504754200955
2019-08-15,1788.0,1761.9599609375,1781.989990234375,1776.1199951171875,3759100,1776.1199951171875,0.16,-0.62,-0.54,0.006999999999999999,1762.9599609375,0.00746473798116737
2019-08-16,1802.9100341796875,1784.550048828125,1792.8900146484375,1792.5699462890625,3018000,1792.5699462890625,1.55,0.54,0.61,0.006999999999999999,1776.1199951171875,0.00926173412669094
2019-08-19,1826.0,1812.6099853515625,1818.0799560546875,1816.1199951171875,2816300,1816.1199951171875,1.14,-0.01,0.26,0.006999999999999999,1792.5699462890625,0.013137589903745611
2019-08-20,1816.8199462890625,1799.8800048828125,1814.5,1801.3800048828125,1929500,1801.3800048828125,-0.75,0.29,-0.51,0.006999999999999999,1816.1199951171875,-0.008116198419710632
2019-08-21,1829.5799560546875,1815.0,1819.3900146484373,1823.5400390625,2031800,1823.5400390625,0.85,0.04,-0.31,0.006999999999999999,1801.3800048828125,0.012301698764070107
2019-08-22,1829.4100341796875,1800.0999755859375,1828.0,1804.6600341796875,2653500,1804.6600341796875,-0.1,-0.55,0.51,0.006999999999999999,1823.5400390625,-0.010353490725939255
2019-08-23,1804.9000244140625,1745.22998046875,1793.030029296875,1749.6199951171875,5270800,1749.6199951171875,-2.66,-0.56,-0.18,0.006999999999999999,1804.6600341796875,-0.030498840789987672
2019-08-26,1770.0,1743.510009765625,1766.9100341796875,1768.8699951171875,3080000,1768.8699951171875,1.08,-0.02,-0.19,0.006999999999999999,1749.6199951171875,0.011002389120907742
2019-08-27,1779.4000244140625,1746.6800537109375,1775.72998046875,1761.8299560546875,3019700,1761.8299560546875,-0.46,-0.88,-0.68,0.006999999999999999,1768.8699951171875,-0.003979964091161825
2019-08-28,1767.8599853515625,1744.050048828125,1755.0,1764.25,2419700,1764.25,0.68,0.48,0.61,0.006999999999999999,1761.8299560546875,0.00137359677476013
2019-08-29,1798.550048828125,1777.25,1783.0,1786.4000244140625,3015100,1786.4000244140625,1.35,0.32,0.33,0.006999999999999999,1764.25,0.012554923856631713
2019-08-30,1799.739990234375,1764.5699462890625,1797.489990234375,1776.2900390625,3058700,1776.2900390625,0.03,-0.38,0.25,0.006999999999999999,1786.4000244140625,-0.0056594185027950645
2019-09-03,1800.800048828125,1768.0,1770.0,1789.8399658203125,3543000,1789.8399658203125,-0.87,-0.96,0.1,0.009000000000000001,1776.2900390625,0.007628217498176116
2019-09-04,1807.6300048828125,1796.22998046875,1805.0,1800.6199951171875,2324100,1800.6199951171875,1.08,-0.23,0.43,0.009000000000000001,1789.8399658203125,0.00602290121057518
2019-09-05,1842.0,1815.5799560546875,1821.949951171875,1840.719970703125,3310800,1840.719970703125,1.42,0.4,0.7,0.009000000000000001,1800.6199951171875,0.02227009346484999
2019-09-06,1840.6500244140625,1826.4000244140625,1838.219970703125,1833.510009765625,2496900,1833.510009765625,-0.02,-0.37,0.06,0.009000000000000001,1840.719970703125,-0.0039169243840745166
2019-09-09,1850.0,1824.6099853515625,1841.0,1831.3499755859373,2999500,1831.3499755859373,0.08,0.74,3.07,0.009000000000000001,1833.510009765625,-0.001178086930631942
2019-09-10,1825.81005859375,1805.3399658203125,1822.75,1820.550048828125,2613900,1820.550048828125,0.17,1.03,1.19,0.009000000000000001,1831.3499755859373,-0.00589724897031593
2019-09-11,1833.4200439453125,1809.0799560546875,1812.1400146484373,1822.989990234375,2432800,1822.989990234375,0.88,1.34,-0.05,0.009000000000000001,1820.550048828125,0.001340222098162351
2019-09-12,1853.6600341796875,1834.280029296875,1837.6300048828125,1843.550048828125,2823500,1843.550048828125,0.22,-0.29,-0.19,0.009000000000000001,1822.989990234375,0.011278207068546037
2019-09-13,1846.1199951171875,1835.1700439453125,1842.010009765625,1839.3399658203125,1971300,1839.3399658203125,-0.01,0.0,0.76,0.009000000000000001,1843.550048828125,-0.002283682512708939
2019-09-16,1825.68994140625,1800.199951171875,1824.02001953125,1807.8399658203125,3675500,1807.8399658203125,-0.23,0.92,0.51,0.009000000000000001,1839.3399658203125,-0.017125708452679418
2019-09-17,1823.989990234375,1804.0999755859373,1807.0799560546875,1822.550048828125,1982400,1822.550048828125,0.17,-0.61,-1.22,0.009000000000000001,1807.8399658203125,0.008136828085409517
2019-09-18,1822.06005859375,1795.5,1817.0400390625,1817.4599609375,2505600,1817.4599609375,-0.05,-0.74,0.05,0.009000000000000001,1822.550048828125,-0.0027928384704155903
2019-09-19,1832.5699462890625,1817.9000244140625,1821.02001953125,1821.5,2031500,1821.5,-0.05,-0.43,-0.44,0.009000000000000001,1817.4599609375,0.0022229040250306407
2019-09-20,1830.6300048828125,1780.9200439453125,1821.7099609375,1794.1600341796875,5341900,1794.1600341796875,-0.48,0.31,0.15,0.009000000000000001,1821.5,-0.015009588701791107
2019-09-23,1792.699951171875,1767.3199462890625,1777.0,1785.300048828125,2922300,1785.300048828125,-0.02,-0.18,0.5,0.009000000000000001,1794.1600341796875,-0.004938235822209359
2019-09-24,1795.7099609375,1735.550048828125,1790.6099853515625,1741.6099853515625,4616000,1741.6099853515625,-1.01,-0.75,0.01,0.009000000000000001,1785.300048828125,-0.024472112407794285
2019-09-25,1773.0,1723.0,1747.3599853515625,1768.3299560546875,3493200,1768.3299560546875,0.69,0.37,0.52,0.009000000000000001,1741.6099853515625,0.01534210927122773
2019-09-26,1763.3699951171875,1731.5,1762.7900390625,1739.8399658203125,3536800,1739.8399658203125,-0.41,-0.97,0.13,0.009000000000000001,1768.3299560546875,-0.016111241081918266
2019-09-27,1749.1199951171875,1713.8199462890625,1748.0,1725.449951171875,3907200,1725.449951171875,-0.62,-0.36,0.91,0.009000000000000001,1739.8399658203125,-0.008270884064703497
2019-09-30,1737.4599609375,1709.219970703125,1726.989990234375,1735.9100341796875,2644700,1735.9100341796875,0.5,-0.15,-0.48,0.009000000000000001,1725.449951171875,0.006062234955414568
2019-10-01,1755.5999755859375,1728.4100341796875,1746.0,1735.6500244140625,3084500,1735.6500244140625,-1.31,-0.47,-0.61,0.006999999999999999,1735.9100341796875,-0.0001497829729107297
2019-10-02,1728.8900146484375,1705.0,1727.739990234375,1713.22998046875,3301100,1713.22998046875,-1.73,0.87,-0.36,0.006999999999999999,1735.6500244140625,-0.012917375985911259
2019-10-03,1725.0,1685.06005859375,1713.0,1724.4200439453125,3468200,1724.4200439453125,0.8,-0.21,-0.92,0.006999999999999999,1713.22998046875,0.006531559454441039
2019-10-04,1740.5799560546875,1719.22998046875,1726.02001953125,1739.6500244140625,2471900,1739.6500244140625,1.39,-0.5,-0.09,0.006999999999999999,1724.4200439453125,0.008831943540800665
2019-10-07,1747.8299560546875,1723.699951171875,1731.6300048828125,1732.6600341796875,2154700,1732.6600341796875,-0.41,0.16,-0.03,0.006999999999999999,1739.6500244140625,-0.004018043937733581
2019-10-08,1727.0,1705.0,1722.489990234375,1705.510009765625,2542000,1705.510009765625,-1.61,-0.14,-0.11,0.006999999999999999,1732.6600341796875,-0.015669562336801078
2019-10-09,1729.949951171875,1714.3599853515625,1719.6099853515625,1721.989990234375,2043500,1721.989990234375,0.92,-0.53,-0.11,0.006999999999999999,1705.510009765625,0.009662787303731343
2019-10-10,1738.2900390625,1713.75,1725.239990234375,1720.260009765625,2575200,1720.260009765625,0.59,-0.4,0.27,0.006999999999999999,1721.989990234375,-0.001004640258399259
2019-10-11,1745.449951171875,1729.8599853515625,1742.9200439453125,1731.9200439453125,3255000,1731.9200439453125,1.23,0.49,0.19,0.006999999999999999,1720.260009765625,0.006778065009647064
2019-10-14,1741.8900146484375,1722.0,1728.9100341796875,1736.4300537109375,1910200,1736.4300537109375,-0.18,-0.33,-0.06,0.006999999999999999,1731.9200439453125,0.002604051948813527
2019-10-15,1776.449951171875,1740.6199951171875,1742.1400146484375,1767.3800048828125,3111700,1767.3800048828125,1.03,0.26,-0.24,0.006999999999999999,1736.4300537109375,0.017823897430093213
2019-10-16,1786.239990234375,1770.52001953125,1773.3299560546875,1777.4300537109375,2763400,1777.4300537109375,-0.24,0.4,0.22,0.006999999999999999,1767.3800048828125,0.00568641084563553
2019-10-17,1798.8499755859375,1782.02001953125,1796.489990234375,1787.47998046875,2647400,1787.47998046875,0.37,0.81,-0.29,0.006999999999999999,1777.4300537109375,0.005654189731309063
2019-10-18,1793.97998046875,1749.199951171875,1787.800048828125,1757.510009765625,3362500,1757.510009765625,-0.49,-0.37,0.89,0.006999999999999999,1787.47998046875,-0.01676660495815212
2019-10-21,1785.8800048828125,1765.0,1769.6600341796875,1785.6600341796875,2130400,1785.6600341796875,0.71,0.18,0.33,0.006999999999999999,1757.510009765625,0.016016992368547867
2019-10-22,1789.780029296875,1762.0,1788.1500244140625,1765.72998046875,2111700,1765.72998046875,-0.34,0.22,0.86,0.006999999999999999,1785.6600341796875,-0.011161169164035834
2019-10-23,1770.050048828125,1742.0,1761.300048828125,1762.1700439453125,2138200,1762.1700439453125,0.26,-0.08,0.25,0.006999999999999999,1765.72998046875,-0.0020161273596840897
2019-10-24,1788.3399658203125,1760.27001953125,1771.0899658203125,1780.780029296875,4446100,1780.780029296875,0.26,-0.26,-0.91,0.006999999999999999,1762.1700439453125,0.010560834021384627
2019-10-25,1764.2099609375,1695.0,1697.550048828125,1761.3299560546875,9626400,1761.3299560546875,0.5,0.28,0.08,0.006999999999999999,1780.780029296875,-0.010922221117825084
2019-10-28,1778.699951171875,1742.5,1748.06005859375,1777.0799560546875,3708900,1777.0799560546875,0.62,0.26,-0.26,0.006999999999999999,1761.3299560546875,0.008942106472361036
2019-10-29,1777.0,1755.81005859375,1774.81005859375,1762.7099609375,2276900,1762.7099609375,-0.13,0.29,0.47,0.006999999999999999,1777.0799560546875,-0.008086296324612465
2019-10-30,1782.3800048828125,1759.1199951171875,1760.239990234375,1779.989990234375,2449400,1779.989990234375,0.27,-0.39,-1.16,0.006999999999999999,1762.7099609375,0.009803104129328565
2019-10-31,1792.0,1771.47998046875,1775.989990234375,1776.6600341796875,2781200,1776.6600341796875,-0.38,-0.25,-0.42,0.006999999999999999,1779.989990234375,-0.0018707723486967687
2019-11-01,1797.449951171875,1785.2099609375,1788.010009765625,1791.43994140625,2790400,1791.43994140625,1.08,0.45,0.81,0.006,1776.6600341796875,0.008318928181094939
2019-11-04,1815.06005859375,1801.010009765625,1801.010009765625,1804.6600341796875,2771900,1804.6600341796875,0.4,0.05,1.39,0.006,1791.43994140625,0.0073795902770036215
2019-11-05,1810.25,1794.0,1809.1600341796875,1801.7099609375,1885500,1801.7099609375,-0.03,0.24,0.51,0.006,1804.6600341796875,-0.0016346974977635956
2019-11-06,1802.5,1788.5799560546875,1801.0,1795.77001953125,2029800,1795.77001953125,-0.05,-0.7,0.18,0.006,1801.7099609375,-0.003296835525713149
2019-11-07,1805.9000244140625,1783.47998046875,1803.760009765625,1788.199951171875,2651100,1788.199951171875,0.38,-0.11,0.54,0.006,1795.77001953125,-0.004215499912038299
2019-11-08,1789.8800048828125,1774.0400390625,1787.8900146484375,1785.8800048828125,2123300,1785.8800048828125,0.31,0.09,-0.38,0.006,1788.199951171875,-0.001297364026624736
2019-11-11,1780.0,1767.1300048828125,1778.0,1771.6500244140625,1946000,1771.6500244140625,-0.19,-0.02,-0.21,0.006,1785.8800048828125,-0.007968049605708955
2019-11-12,1786.219970703125,1771.9100341796875,1774.6600341796875,1778.0,2037600,1778.0,0.16,-0.12,-0.12,0.006,1771.6500244140625,0.0035842155608795403
2019-11-13,1775.0,1747.3199462890625,1773.3900146484375,1753.1099853515625,2989500,1753.1099853515625,0.01,-0.23,-0.82,0.006,1778.0,-0.013998883379323679
2019-11-14,1766.5899658203125,1749.56005859375,1751.4300537109375,1754.5999755859375,2264800,1754.5999755859375,0.07,-0.12,-0.25,0.006,1753.1099853515625,0.0008499125821111575
2019-11-15,1761.6800537109375,1732.8599853515625,1760.050048828125,1739.489990234375,3927600,1739.489990234375,0.74,-0.21,-0.34,0.006,1754.5999755859375,-0.008611641150010056
2019-11-18,1753.699951171875,1722.7099609375,1738.300048828125,1752.530029296875,2839500,1752.530029296875,0.02,-0.36,-0.51,0.006,1739.489990234375,0.007496472607320387
2019-11-19,1760.6800537109375,1743.030029296875,1756.989990234375,1752.7900390625,2270800,1752.7900390625,0.02,0.58,-0.95,0.006,1752.530029296875,0.00014836251663506012
2019-11-20,1762.52001953125,1734.1199951171875,1749.1400146484375,1745.530029296875,2790000,1745.530029296875,-0.33,-0.01,-0.42,0.006,1752.7900390625,-0.004141973427409538
2019-11-21,1746.8699951171875,1730.3599853515625,1743.0,1734.7099609375,2662900,1734.7099609375,-0.14,-0.33,0.11,0.006,1745.530029296875,-0.006198729427607431
2019-11-22,1746.4300537109375,1731.0,1739.02001953125,1745.719970703125,2479100,1745.719970703125,0.24,0.06,0.24,0.006,1734.7099609375,0.006346887960264431
2019-11-25,1777.4200439453125,1753.239990234375,1753.25,1773.8399658203125,3486200,1773.8399658203125,0.92,1.3,-0.39,0.006,1745.719970703125,0.0161079643866717
2019-11-26,1797.030029296875,1778.3499755859375,1779.9200439453125,1796.93994140625,3181200,1796.93994140625,0.19,0.05,-0.83,0.006,1773.8399658203125,0.013022581535564237
2019-11-27,1824.5,1797.31005859375,1801.0,1818.510009765625,3025600,1818.510009765625,0.44,0.23,-0.05,0.006,1796.93994140625,0.012003778124323225
2019-11-29,1824.68994140625,1800.7900390625,1817.780029296875,1800.800048828125,1923400,1800.800048828125,-0.42,-0.05,-0.32,0.006,1818.510009765625,-0.009738720624244742
2019-12-02,1805.550048828125,1762.6800537109375,1804.4000244140625,1781.5999755859375,3925600,1781.5999755859375,-0.87,-0.24,0.51,0.006999999999999999,1800.800048828125,-0.010661968414917577
2019-12-03,1772.8699951171875,1747.22998046875,1760.0,1769.9599609375,3380900,1769.9599609375,-0.66,0.6,-0.82,0.006999999999999999,1781.5999755859375,-0.006533461387486436
2019-12-04,1789.0899658203125,1760.219970703125,1774.010009765625,1760.68994140625,2670100,1760.68994140625,0.6,0.11,0.25,0.006999999999999999,1769.9599609375,-0.005237417645504208
2019-12-05,1763.5,1740.0,1763.5,1740.47998046875,2823800,1740.47998046875,0.13,-0.23,0.45,0.006999999999999999,1760.68994140625,-0.011478432665639275
2019-12-06,1754.4000244140625,1740.1300048828125,1751.199951171875,1751.5999755859375,3117400,1751.5999755859375,0.91,0.25,0.41,0.006999999999999999,1740.47998046875,0.0063890393695839225
2019-12-09,1766.8900146484375,1745.6099853515625,1750.6600341796875,1749.510009765625,2442800,1749.510009765625,-0.33,0.36,0.14,0.006999999999999999,1751.5999755859375,-0.0011931752965532976
2019-12-10,1750.6700439453125,1735.0,1747.4000244140625,1739.2099609375,2514300,1739.2099609375,-0.08,0.29,-0.09,0.006999999999999999,1749.510009765625,-0.0058873906240209835
2019-12-11,1750.0,1735.7099609375,1741.6700439453125,1748.719970703125,2097600,1748.719970703125,0.28,-0.07,0.09,0.006999999999999999,1739.2099609375,0.005468005576795768
2019-12-12,1764.0,1745.43994140625,1750.0,1760.3299560546875,3095900,1760.3299560546875,0.9,-0.11,1.16,0.006999999999999999,1748.719970703125,0.006639133506832634
2019-12-13,1768.989990234375,1755.0,1765.0,1760.93994140625,2745700,1760.93994140625,-0.03,-0.3,-0.55,0.006999999999999999,1760.3299560546875,0.00034651762271297154
2019-12-16,1769.5,1757.050048828125,1767.0,1769.2099609375,3145200,1769.2099609375,0.74,0.07,-0.05,0.006999999999999999,1760.93994140625,0.004696366603307171
2019-12-17,1792.0,1777.3900146484375,1778.010009765625,1790.6600341796875,3644400,1790.6600341796875,0.1,0.42,0.7,0.006999999999999999,1769.2099609375,0.01212409703527848
2019-12-18,1798.199951171875,1782.3599853515625,1795.02001953125,1784.030029296875,3351400,1784.030029296875,-0.05,0.18,0.1,0.006999999999999999,1790.6600341796875,-0.003702548086326027
2019-12-19,1792.989990234375,1774.06005859375,1780.5,1792.280029296875,2652800,1792.280029296875,0.43,-0.01,-0.43,0.006999999999999999,1784.030029296875,0.00462436162201345
2019-12-20,1802.969970703125,1782.449951171875,1799.6199951171875,1786.5,5150800,1786.5,0.48,-0.3,-0.3,0.006999999999999999,1792.280029296875,-0.0032249588247337383
2019-12-23,1793.0,1784.510009765625,1788.260009765625,1793.0,2136400,1793.0,0.1,0.21,-0.3,0.006999999999999999,1786.5,0.003638399104394067
2019-12-24,1795.5699462890625,1787.5799560546875,1793.81005859375,1789.2099609375,881300,1789.2099609375,0.01,0.37,-0.02,0.006999999999999999,1793.0,-0.00211379758087005
2019-12-26,1870.4599609375,1799.5,1801.010009765625,1868.77001953125,6005400,1868.77001953125,0.48,-0.53,-0.01,0.006999999999999999,1789.2099609375,0.0444665859964599
2019-12-27,1901.4000244140625,1866.010009765625,1882.9200439453125,1869.800048828125,6186600,1869.800048828125,-0.1,-0.52,-0.07,0.006999999999999999,1868.77001953125,0.000551180341138695
2019-12-30,1884.0,1840.6199951171875,1874.0,1846.8900146484373,3674700,1846.8900146484373,-0.57,0.17,0.6,0.006999999999999999,1869.800048828125,-0.012252665301857446
